"id";"code";"modele";"code_marque";"id_marque";"rappel_marque"
"1";"1552";"U5";"AI";"1";"AIWAYS"
"2";"114";"2141";"AK";"2";"ALEKO"
"3";"142";"1300";"AR";"3";"ALFA ROMEO"
"4";"143";"1600";"AR";"3";"ALFA ROMEO"
"5";"144";"164";"AR";"3";"ALFA ROMEO"
"6";"145";"1750";"AR";"3";"ALFA ROMEO"
"7";"146";"2000";"AR";"3";"ALFA ROMEO"
"8";"1328";"4C";"AR";"3";"ALFA ROMEO"
"9";"150";"ALFA 145";"AR";"3";"ALFA ROMEO"
"10";"151";"ALFA 146";"AR";"3";"ALFA ROMEO"
"11";"1104";"ALFA 147";"AR";"3";"ALFA ROMEO"
"12";"148";"ALFA 155";"AR";"3";"ALFA ROMEO"
"13";"153";"ALFA 156";"AR";"3";"ALFA ROMEO"
"14";"1248";"ALFA 159";"AR";"3";"ALFA ROMEO"
"15";"1276";"ALFA 159 SW";"AR";"3";"ALFA ROMEO"
"16";"154";"ALFA 166";"AR";"3";"ALFA ROMEO"
"17";"132";"ALFA 33";"AR";"3";"ALFA ROMEO"
"18";"133";"ALFA 6";"AR";"3";"ALFA ROMEO"
"19";"134";"ALFA 75";"AR";"3";"ALFA ROMEO"
"20";"135";"ALFA 90";"AR";"3";"ALFA ROMEO"
"21";"1198";"ALFA GT";"AR";"3";"ALFA ROMEO"
"22";"152";"ALFA GTV";"AR";"3";"ALFA ROMEO"
"23";"136";"ALFA-SUD";"AR";"3";"ALFA ROMEO"
"24";"137";"ALFETTA";"AR";"3";"ALFA ROMEO"
"25";"1270";"BRERA";"AR";"3";"ALFA ROMEO"
"26";"1224";"CROSSWAGON";"AR";"3";"ALFA ROMEO"
"27";"138";"GIULIA";"AR";"3";"ALFA ROMEO"
"28";"139";"GIULIETTA";"AR";"3";"ALFA ROMEO"
"29";"632";"MITO";"AR";"3";"ALFA ROMEO"
"30";"149";"RZ";"AR";"3";"ALFA ROMEO"
"31";"140";"SPIDER";"AR";"3";"ALFA ROMEO"
"32";"1100";"SPORTWAGON";"AR";"3";"ALFA ROMEO"
"33";"141";"SPRINT";"AR";"3";"ALFA ROMEO"
"34";"1411";"STELVIO";"AR";"3";"ALFA ROMEO"
"35";"147";"SZ";"AR";"3";"ALFA ROMEO"
"36";"1617";"TONALE";"AR";"3";"ALFA ROMEO"
"37";"115";"A110";"AL";"4";"ALPINE RENAULT"
"38";"1436";"A110 II";"AL";"4";"ALPINE RENAULT"
"39";"116";"A310";"AL";"4";"ALPINE RENAULT"
"40";"119";"A610";"AL";"4";"ALPINE RENAULT"
"41";"117";"LE MANS";"AL";"4";"ALPINE RENAULT"
"42";"118";"V6";"AL";"4";"ALPINE RENAULT"
"43";"130";"4X4";"AO";"5";"ARO"
"44";"131";"SPARTANA";"AO";"5";"ARO"
"45";"108";"ROCSTA";"AA";"6";"ASIA"
"46";"735";"CYGNET";"AM";"7";"ASTON MARTIN"
"47";"160";"100";"AU";"8";"AUDI"
"48";"161";"200";"AU";"8";"AUDI"
"49";"162";"50";"AU";"8";"AUDI"
"50";"163";"60";"AU";"8";"AUDI"
"51";"164";"70";"AU";"8";"AUDI"
"52";"165";"75";"AU";"8";"AUDI"
"53";"166";"80";"AU";"8";"AUDI"
"54";"167";"90";"AU";"8";"AUDI"
"55";"699";"A1";"AU";"8";"AUDI"
"56";"1457";"A1 II";"AU";"8";"AUDI"
"57";"1094";"A2";"AU";"8";"AUDI"
"58";"173";"A3";"AU";"8";"AUDI"
"59";"1412";"A3 *";"AU";"8";"AUDI"
"60";"1518";"A3 IV";"AU";"8";"AUDI"
"61";"785";"A3 SPORTBACK";"AU";"8";"AUDI"
"62";"172";"A4";"AU";"8";"AUDI"
"63";"610";"A4 III - IV";"AU";"8";"AUDI"
"64";"1378";"A4 V";"AU";"8";"AUDI"
"65";"593";"A5";"AU";"8";"AUDI"
"66";"678";"A5 SPORTBACK";"AU";"8";"AUDI"
"67";"169";"A6";"AU";"8";"AUDI"
"68";"635";"A6 III";"AU";"8";"AUDI"
"69";"725";"A6 IV";"AU";"8";"AUDI"
"70";"1448";"A6 V";"AU";"8";"AUDI"
"71";"703";"A7";"AU";"8";"AUDI"
"72";"171";"A8";"AU";"8";"AUDI"
"73";"1108";"ALLROAD";"AU";"8";"AUDI"
"74";"168";"CABRIOLET";"AU";"8";"AUDI"
"75";"155";"COUPE";"AU";"8";"AUDI"
"76";"1480";"E-TRON";"AU";"8";"AUDI"
"77";"1553";"E-TRON GT";"AU";"8";"AUDI"
"78";"156";"GT";"AU";"8";"AUDI"
"79";"1407";"Q2";"AU";"8";"AUDI"
"80";"731";"Q3";"AU";"8";"AUDI"
"81";"1468";"Q3 II";"AU";"8";"AUDI"
"82";"1558";"Q4 E-TRON";"AU";"8";"AUDI"
"83";"634";"Q5";"AU";"8";"AUDI"
"84";"1267";"Q7";"AU";"8";"AUDI"
"85";"1449";"Q8";"AU";"8";"AUDI"
"86";"157";"QUATTRO";"AU";"8";"AUDI"
"87";"590";"R8";"AU";"8";"AUDI"
"88";"158";"RO 80";"AU";"8";"AUDI"
"89";"718";"RS3";"AU";"8";"AUDI"
"90";"1575";"RS3 IV";"AU";"8";"AUDI"
"91";"1112";"RS4";"AU";"8";"AUDI"
"92";"698";"RS5";"AU";"8";"AUDI"
"93";"1180";"RS6";"AU";"8";"AUDI"
"94";"1327";"RS7";"AU";"8";"AUDI"
"95";"1345";"S1";"AU";"8";"AUDI"
"96";"177";"S3";"AU";"8";"AUDI"
"97";"1530";"S3 IV";"AU";"8";"AUDI"
"98";"627";"S3 SPORTBACK";"AU";"8";"AUDI"
"99";"176";"S4";"AU";"8";"AUDI"
"100";"594";"S5";"AU";"8";"AUDI"
"101";"170";"S6";"AU";"8";"AUDI"
"102";"1496";"S6 V";"AU";"8";"AUDI"
"103";"1291";"S7";"AU";"8";"AUDI"
"104";"1497";"S7 II";"AU";"8";"AUDI"
"105";"174";"S8";"AU";"8";"AUDI"
"106";"175";"TT";"AU";"8";"AUDI"
"107";"159";"V8";"AU";"8";"AUDI"
"108";"129";"850";"AN";"9";"AUSTIN"
"109";"120";"ALLEGRO";"AN";"9";"AUSTIN"
"110";"121";"JEEP";"AN";"9";"AUSTIN"
"111";"122";"MAESTRO";"AN";"9";"AUSTIN"
"112";"123";"METRO";"AN";"9";"AUSTIN"
"113";"124";"MINI";"AN";"9";"AUSTIN"
"114";"125";"MONTEGO";"AN";"9";"AUSTIN"
"115";"126";"MORRISITAL";"AN";"9";"AUSTIN"
"116";"127";"PRINCESS";"AN";"9";"AUSTIN"
"117";"128";"SHERPA";"AN";"9";"AUSTIN"
"118";"113";"500";"AB";"10";"AUTOBIANCHI"
"119";"109";"A111";"AB";"10";"AUTOBIANCHI"
"120";"110";"A112";"AB";"10";"AUTOBIANCHI"
"121";"111";"PRIMULA";"AB";"10";"AUTOBIANCHI"
"122";"112";"Y10";"AB";"10";"AUTOBIANCHI"
"123";"178";"A3";"AV";"11";"AUVERLAND"
"124";"179";"CF";"BE";"12";"BEDFORD"
"125";"180";"MIDI";"BE";"12";"BEDFORD"
"126";"1418";"BEE BEE XS";"BV";"13";"BEE BEE AUTOMOTIVE"
"127";"1234";"ARNAGE";"BC";"14";"BENTLEY"
"128";"667";"AZURE T";"BC";"14";"BENTLEY"
"129";"668";"BROOKLANDS";"BC";"14";"BENTLEY"
"130";"666";"CONTINENTAL FLYING SPUR";"BC";"14";"BENTLEY"
"131";"1235";"CONTINENTAL GT";"BC";"14";"BENTLEY"
"132";"1292";"MULSANNE";"BC";"14";"BENTLEY"
"133";"474";"4X4";"BT";"15";"BERTONE"
"134";"187";"1502";"BM";"16";"BMW"
"135";"188";"1600";"BM";"16";"BMW"
"136";"189";"1602";"BM";"16";"BMW"
"137";"190";"1800";"BM";"16";"BMW"
"138";"191";"1802";"BM";"16";"BMW"
"139";"192";"2000";"BM";"16";"BMW"
"140";"193";"2002";"BM";"16";"BMW"
"141";"224";"2500";"BM";"16";"BMW"
"142";"194";"3,0";"BM";"16";"BMW"
"143";"195";"3,3";"BM";"16";"BMW"
"144";"196";"315";"BM";"16";"BMW"
"145";"197";"316";"BM";"16";"BMW"
"146";"198";"318";"BM";"16";"BMW"
"147";"199";"320";"BM";"16";"BMW"
"148";"200";"323";"BM";"16";"BMW"
"149";"201";"324";"BM";"16";"BMW"
"150";"202";"325";"BM";"16";"BMW"
"151";"227";"328";"BM";"16";"BMW"
"152";"230";"330";"BM";"16";"BMW"
"153";"203";"518";"BM";"16";"BMW"
"154";"204";"520";"BM";"16";"BMW"
"155";"228";"523";"BM";"16";"BMW"
"156";"205";"524";"BM";"16";"BMW"
"157";"206";"525";"BM";"16";"BMW"
"158";"207";"528";"BM";"16";"BMW"
"159";"208";"530";"BM";"16";"BMW"
"160";"209";"535";"BM";"16";"BMW"
"161";"226";"540";"BM";"16";"BMW"
"162";"1196";"545";"BM";"16";"BMW"
"163";"1253";"550";"BM";"16";"BMW"
"164";"210";"628";"BM";"16";"BMW"
"165";"211";"630";"BM";"16";"BMW"
"166";"212";"633";"BM";"16";"BMW"
"167";"213";"635";"BM";"16";"BMW"
"168";"1197";"645";"BM";"16";"BMW"
"169";"1266";"650";"BM";"16";"BMW"
"170";"214";"725";"BM";"16";"BMW"
"171";"215";"728";"BM";"16";"BMW"
"172";"216";"730";"BM";"16";"BMW"
"173";"217";"732";"BM";"16";"BMW"
"174";"218";"733";"BM";"16";"BMW"
"175";"219";"735";"BM";"16";"BMW"
"176";"223";"740";"BM";"16";"BMW"
"177";"220";"745";"BM";"16";"BMW"
"178";"221";"750";"BM";"16";"BMW"
"179";"1179";"760";"BM";"16";"BMW"
"180";"225";"840";"BM";"16";"BMW"
"181";"222";"850";"BM";"16";"BMW"
"182";"1326";"I3";"BM";"16";"BMW"
"183";"1350";"I8";"BM";"16";"BMW"
"184";"1571";"IX";"BM";"16";"BMW"
"185";"1101";"L7";"BM";"16";"BMW"
"186";"1398";"M2";"BM";"16";"BMW"
"187";"182";"M3";"BM";"16";"BMW"
"188";"1344";"M4";"BM";"16";"BMW"
"189";"183";"M5";"BM";"16";"BMW"
"190";"184";"M535";"BM";"16";"BMW"
"191";"1236";"M6";"BM";"16";"BMW"
"192";"185";"M635";"BM";"16";"BMW"
"193";"1505";"M8";"BM";"16";"BMW"
"194";"1221";"SERIE 1";"BM";"16";"BMW"
"195";"732";"SERIE 1 II";"BM";"16";"BMW"
"196";"1495";"SERIE 1 III";"BM";"16";"BMW"
"197";"1333";"SERIE 2";"BM";"16";"BMW"
"198";"1573";"SERIE 2 II";"BM";"16";"BMW"
"199";"641";"SERIE 3";"BM";"16";"BMW"
"200";"693";"SERIE 3 (SUITE)";"BM";"16";"BMW"
"201";"745";"SERIE 3 VI";"BM";"16";"BMW"
"202";"1462";"SERIE 3 VII";"BM";"16";"BMW"
"203";"1324";"SERIE 4";"BM";"16";"BMW"
"204";"1526";"SERIE 4 II";"BM";"16";"BMW"
"205";"681";"SERIE 5";"BM";"16";"BMW"
"206";"722";"SERIE 6";"BM";"16";"BMW"
"207";"649";"SERIE 7";"BM";"16";"BMW"
"208";"1632";"SERIE 7 VII";"BM";"16";"BMW"
"209";"1447";"SERIE 8";"BM";"16";"BMW"
"210";"677";"X1";"BM";"16";"BMW"
"211";"1629";"X1 III";"BM";"16";"BMW"
"212";"1437";"X2";"BM";"16";"BMW"
"213";"1203";"X3";"BM";"16";"BMW"
"214";"1341";"X4";"BM";"16";"BMW"
"215";"1443";"X4 II";"BM";"16";"BMW"
"216";"1102";"X5";"BM";"16";"BMW"
"217";"1456";"X5 IV";"BM";"16";"BMW"
"218";"622";"X6";"BM";"16";"BMW"
"219";"1498";"X6 III";"BM";"16";"BMW"
"220";"1482";"X7";"BM";"16";"BMW"
"221";"1634";"XM";"BM";"16";"BMW"
"222";"186";"Z1";"BM";"16";"BMW"
"223";"229";"Z3";"BM";"16";"BMW"
"224";"1173";"Z4";"BM";"16";"BMW"
"225";"1164";"Z8";"BM";"16";"BMW"
"226";"181";"PARKAVENUE";"BK";"17";"BUICK"
"227";"744";"CTS";"CA";"18";"CADILLAC"
"228";"476";"ELDORADO";"CA";"18";"CADILLAC"
"229";"739";"ESCALADE";"CA";"18";"CADILLAC"
"230";"475";"SEVILLE";"CA";"18";"CADILLAC"
"231";"535";"ALERO";"CV";"19";"CHEVROLET"
"232";"625";"AVEO";"CV";"19";"CHEVROLET"
"233";"531";"BERETTA";"CV";"19";"CHEVROLET"
"234";"532";"BLAZER";"CV";"19";"CHEVROLET"
"235";"534";"CAMARO";"CV";"19";"CHEVROLET"
"236";"572";"CAPTIVA";"CV";"19";"CHEVROLET"
"237";"530";"CORSICA";"CV";"19";"CHEVROLET"
"238";"529";"CORVETTE";"CV";"19";"CHEVROLET"
"239";"664";"CRUZE";"CV";"19";"CHEVROLET"
"240";"570";"EPICA";"CV";"19";"CHEVROLET"
"241";"792";"EVANDA";"CV";"19";"CHEVROLET"
"242";"788";"KALOS";"CV";"19";"CHEVROLET"
"243";"789";"LACETTI";"CV";"19";"CHEVROLET"
"244";"1299";"MALIBU";"CV";"19";"CHEVROLET"
"245";"787";"MATIZ";"CV";"19";"CHEVROLET"
"246";"790";"NUBIRA";"CV";"19";"CHEVROLET"
"247";"716";"ORLANDO";"CV";"19";"CHEVROLET"
"248";"791";"REZZO";"CV";"19";"CHEVROLET"
"249";"688";"SPARK";"CV";"19";"CHEVROLET"
"250";"533";"TRANS SPORT";"CV";"19";"CHEVROLET"
"251";"1320";"TRAX";"CV";"19";"CHEVROLET"
"252";"1281";"VOLT";"CV";"19";"CHEVROLET"
"253";"1230";"300C";"CH";"20";"CHRYSLER"
"254";"487";"300M";"CH";"20";"CHRYSLER"
"255";"1213";"CROSSFIRE";"CH";"20";"CHRYSLER"
"256";"477";"ES";"CH";"20";"CHRYSLER"
"257";"486";"GRAND VOYAGER";"CH";"20";"CHRYSLER"
"258";"478";"LE BARON";"CH";"20";"CHRYSLER"
"259";"483";"NEON";"CH";"20";"CHRYSLER"
"260";"485";"NEW YORKER";"CH";"20";"CHRYSLER"
"261";"1099";"PT CRUISER";"CH";"20";"CHRYSLER"
"262";"479";"SARATOGA";"CH";"20";"CHRYSLER"
"263";"1126";"SEBRING";"CH";"20";"CHRYSLER"
"264";"484";"STRATUS";"CH";"20";"CHRYSLER"
"265";"482";"VIPER";"CH";"20";"CHRYSLER"
"266";"481";"VISION";"CH";"20";"CHRYSLER"
"267";"480";"VOYAGER";"CH";"20";"CHRYSLER"
"268";"516";"2 CV";"CI";"21";"CITROEN"
"269";"488";"ACADIANE";"CI";"21";"CITROEN"
"270";"489";"AK";"CI";"21";"CITROEN"
"271";"490";"AMI";"CI";"21";"CITROEN"
"272";"491";"AX";"CI";"21";"CITROEN"
"273";"492";"AXEL";"CI";"21";"CITROEN"
"274";"493";"AZU";"CI";"21";"CITROEN"
"275";"526";"BERLINGO";"CI";"21";"CITROEN"
"276";"617";"BERLINGO II";"CI";"21";"CITROEN"
"277";"1444";"BERLINGO III";"CI";"21";"CITROEN"
"278";"494";"BX";"CI";"21";"CITROEN"
"279";"598";"C-CROSSER";"CI";"21";"CITROEN"
"280";"1399";"C-ELYSEE";"CI";"21";"CITROEN"
"281";"712";"C-ZERO";"CI";"21";"CITROEN"
"282";"1237";"C1";"CI";"21";"CITROEN"
"283";"497";"C15";"CI";"21";"CITROEN"
"284";"1184";"C2";"CI";"21";"CITROEN"
"285";"498";"C25";"CI";"21";"CITROEN"
"286";"499";"C25 COMBI";"CI";"21";"CITROEN"
"287";"1136";"C3";"CI";"21";"CITROEN"
"288";"1419";"C3 AIRCROSS";"CI";"21";"CITROEN"
"289";"682";"C3 II";"CI";"21";"CITROEN"
"290";"1406";"C3 III";"CI";"21";"CITROEN"
"291";"651";"C3 PICASSO";"CI";"21";"CITROEN"
"292";"1176";"C3 PLURIEL";"CI";"21";"CITROEN"
"293";"500";"C35";"CI";"21";"CITROEN"
"294";"640";"C4";"CI";"21";"CITROEN"
"295";"1288";"C4 AIRCROSS";"CI";"21";"CITROEN"
"296";"1342";"C4 CACTUS";"CI";"21";"CITROEN"
"297";"708";"C4 II";"CI";"21";"CITROEN"
"298";"1532";"C4 III";"CI";"21";"CITROEN"
"299";"573";"C4 PICASSO";"CI";"21";"CITROEN"
"300";"1321";"C4 PICASSO II";"CI";"21";"CITROEN"
"301";"1441";"C4 SPACETOURER";"CI";"21";"CITROEN"
"302";"1630";"C4 X";"CI";"21";"CITROEN"
"303";"1114";"C5";"CI";"21";"CITROEN"
"304";"1455";"C5 AIRCROSS";"CI";"21";"CITROEN"
"305";"616";"C5 II";"CI";"21";"CITROEN"
"306";"618";"C5 II TOURER";"CI";"21";"CITROEN"
"307";"1572";"C5 X";"CI";"21";"CITROEN"
"308";"1268";"C6";"CI";"21";"CITROEN"
"309";"1145";"C8";"CI";"21";"CITROEN"
"310";"495";"CX";"CI";"21";"CITROEN"
"311";"496";"CX SERIE2";"CI";"21";"CITROEN"
"312";"501";"D";"CI";"21";"CITROEN"
"313";"519";"DANGEL C15";"CI";"21";"CITROEN"
"314";"518";"DANGEL C25";"CI";"21";"CITROEN"
"315";"502";"DS";"CI";"21";"CITROEN"
"316";"687";"DS3";"CI";"21";"CITROEN"
"317";"724";"DS4";"CI";"21";"CITROEN"
"318";"741";"DS5";"CI";"21";"CITROEN"
"319";"503";"DYANE";"CI";"21";"CITROEN"
"320";"522";"EVASION";"CI";"21";"CITROEN"
"321";"504";"GS";"CI";"21";"CITROEN"
"322";"505";"GSA";"CI";"21";"CITROEN"
"323";"520";"HY";"CI";"21";"CITROEN"
"324";"506";"ID";"CI";"21";"CITROEN"
"325";"523";"JUMPER";"CI";"21";"CITROEN"
"326";"524";"JUMPY";"CI";"21";"CITROEN"
"327";"507";"KATAR";"CI";"21";"CITROEN"
"328";"508";"LN";"CI";"21";"CITROEN"
"329";"509";"LNA";"CI";"21";"CITROEN"
"330";"510";"MEHARI";"CI";"21";"CITROEN"
"331";"644";"NEMO";"CI";"21";"CITROEN"
"332";"525";"SAXO";"CI";"21";"CITROEN"
"333";"511";"SM";"CI";"21";"CITROEN"
"334";"1392";"SPACETOURER";"CI";"21";"CITROEN"
"335";"512";"TANGARA";"CI";"21";"CITROEN"
"336";"513";"TRACTION";"CI";"21";"CITROEN"
"337";"514";"VISA";"CI";"21";"CITROEN"
"338";"521";"XANTIA";"CI";"21";"CITROEN"
"339";"515";"XM";"CI";"21";"CITROEN"
"340";"527";"XSARA";"CI";"21";"CITROEN"
"341";"528";"XSARA PICASSO";"CI";"21";"CITROEN"
"342";"517";"ZX";"CI";"21";"CITROEN"
"343";"1357";"C-ZEN";"CB";"22";"COURB"
"344";"1546";"ATECA";"CK";"23";"CUPRA"
"345";"1581";"BORN";"CK";"23";"CUPRA"
"346";"1536";"FORMENTOR";"CK";"23";"CUPRA"
"347";"1539";"LEON";"CK";"23";"CUPRA"
"348";"1300";"DOKKER";"DC";"24";"DACIA"
"349";"694";"DUSTER";"DC";"24";"DACIA"
"350";"1596";"JOGGER";"DC";"24";"DACIA"
"351";"1286";"LODGY";"DC";"24";"DACIA"
"352";"1261";"LOGAN";"DC";"24";"DACIA"
"353";"621";"SANDERO";"DC";"24";"DACIA"
"354";"1544";"SANDERO III";"DC";"24";"DACIA"
"355";"1561";"SPRING";"DC";"24";"DACIA"
"356";"13";"ESPERO";"DW";"25";"DAEWOO"
"357";"1254";"EVANDA";"DW";"25";"DAEWOO"
"358";"1159";"KALOS";"DW";"25";"DAEWOO"
"359";"1086";"KORANDO";"DW";"25";"DAEWOO"
"360";"639";"LACETTI";"DW";"25";"DAEWOO"
"361";"14";"LANOS";"DW";"25";"DAEWOO"
"362";"16";"LEGANZA";"DW";"25";"DAEWOO"
"363";"17";"MATIZ";"DW";"25";"DAEWOO"
"364";"1087";"MUSSO";"DW";"25";"DAEWOO"
"365";"12";"NEXIA";"DW";"25";"DAEWOO"
"366";"15";"NUBIRA";"DW";"25";"DAEWOO"
"367";"1161";"REXTON";"DW";"25";"DAEWOO"
"368";"1103";"REZZO";"DW";"25";"DAEWOO"
"369";"558";"33";"DF";"26";"DAF"
"370";"557";"400";"DF";"26";"DAF"
"371";"559";"44";"DF";"26";"DAF"
"372";"560";"46";"DF";"26";"DAF"
"373";"561";"55";"DF";"26";"DAF"
"374";"562";"66";"DF";"26";"DAF"
"375";"555";"VA400";"DF";"26";"DAF"
"376";"556";"VH400";"DF";"26";"DAF"
"377";"2";"APPLAUSE";"DH";"27";"DAIHATSU"
"378";"1";"CHARADE";"DH";"27";"DAIHATSU"
"379";"1211";"COPEN";"DH";"27";"DAIHATSU"
"380";"1212";"CUORE";"DH";"27";"DAIHATSU"
"381";"6";"DOMINO";"DH";"27";"DAIHATSU"
"382";"3";"FEROZA";"DH";"27";"DAIHATSU"
"383";"9";"GRAN MOVE";"DH";"27";"DAIHATSU"
"384";"5";"HIJET";"DH";"27";"DAIHATSU"
"385";"581";"MATERIA";"DH";"27";"DAIHATSU"
"386";"8";"MOVE";"DH";"27";"DAIHATSU"
"387";"4";"ROCKY";"DH";"27";"DAIHATSU"
"388";"10";"SIRION";"DH";"27";"DAIHATSU"
"389";"7";"TERIOS";"DH";"27";"DAIHATSU"
"390";"576";"TREVIS";"DH";"27";"DAIHATSU"
"391";"1123";"YRV";"DH";"27";"DAIHATSU"
"392";"11";"DAIMLER";"DM";"28";"DAIMLER"
"393";"547";"100";"DA";"29";"DATSUN"
"394";"548";"120";"DA";"29";"DATSUN"
"395";"549";"1600";"DA";"29";"DATSUN"
"396";"550";"180";"DA";"29";"DATSUN"
"397";"551";"200";"DA";"29";"DATSUN"
"398";"552";"220";"DA";"29";"DATSUN"
"399";"553";"260";"DA";"29";"DATSUN"
"400";"554";"280";"DA";"29";"DATSUN"
"401";"536";"BLUEBIRD";"DA";"29";"DATSUN"
"402";"537";"CEDRIC";"DA";"29";"DATSUN"
"403";"538";"CHERRY";"DA";"29";"DATSUN"
"404";"539";"KING-CAB";"DA";"29";"DATSUN"
"405";"540";"LAUREL";"DA";"29";"DATSUN"
"406";"541";"PATROL";"DA";"29";"DATSUN"
"407";"542";"PICK-UP";"DA";"29";"DATSUN"
"408";"543";"SILVIA";"DA";"29";"DATSUN"
"409";"544";"STANZA";"DA";"29";"DATSUN"
"410";"545";"SUNNY";"DA";"29";"DATSUN"
"411";"546";"VIOLET";"DA";"29";"DATSUN"
"412";"606";"AVENGER";"DG";"30";"DODGE"
"413";"569";"CALIBER";"DG";"30";"DODGE"
"414";"623";"JOURNEY";"DG";"30";"DODGE"
"415";"596";"NITRO";"DG";"30";"DODGE"
"416";"1387";"DS3";"DS";"31";"DS"
"417";"1460";"DS3 CROSSBACK";"DS";"31";"DS"
"418";"1379";"DS4";"DS";"31";"DS"
"419";"1560";"DS4 II";"DS";"31";"DS"
"420";"1370";"DS5";"DS";"31";"DS"
"421";"1625";"DS7";"DS";"31";"DS"
"422";"1430";"DS7 CROSSBACK";"DS";"31";"DS"
"423";"1537";"DS9";"DS";"31";"DS"
"424";"18";"F275";"EB";"32";"EBRO"
"425";"19";"F350";"EB";"32";"EBRO"
"426";"20";"JX20";"EB";"32";"EBRO"
"427";"21";"JX28";"EB";"32";"EBRO"
"428";"22";"PATROL";"EB";"32";"EBRO"
"429";"23";"TRADE";"EB";"32";"EBRO"
"430";"24";"VANETTE";"EB";"32";"EBRO"
"431";"1607";"ROMA";"FR";"33";"FERRARI"
"432";"47";"124";"FI";"34";"FIAT"
"433";"1396";"124 SPIDER";"FI";"34";"FIAT"
"434";"36";"126";"FI";"34";"FIAT"
"435";"37";"127";"FI";"34";"FIAT"
"436";"38";"128";"FI";"34";"FIAT"
"437";"39";"130";"FI";"34";"FIAT"
"438";"40";"131";"FI";"34";"FIAT"
"439";"41";"132";"FI";"34";"FIAT"
"440";"42";"133";"FI";"34";"FIAT"
"441";"48";"238";"FI";"34";"FIAT"
"442";"1275";"4X4 CROSS";"FI";"34";"FIAT"
"443";"43";"500";"FI";"34";"FIAT"
"444";"1535";"500 III";"FI";"34";"FIAT"
"445";"1304";"500L";"FI";"34";"FIAT"
"446";"1363";"500X";"FI";"34";"FIAT"
"447";"44";"600";"FI";"34";"FIAT"
"448";"45";"850";"FI";"34";"FIAT"
"449";"46";"900";"FI";"34";"FIAT"
"450";"25";"ARGENTA";"FI";"34";"FIAT"
"451";"54";"BARCHETTA";"FI";"34";"FIAT"
"452";"55";"BRAVA";"FI";"34";"FIAT"
"453";"56";"BRAVO";"FI";"34";"FIAT"
"454";"591";"BRAVO II";"FI";"34";"FIAT"
"455";"49";"CINQUECENTO";"FI";"34";"FIAT"
"456";"51";"COUPE";"FI";"34";"FIAT"
"457";"26";"CROMA";"FI";"34";"FIAT"
"458";"1119";"DOBLO";"FI";"34";"FIAT"
"459";"1623";"DOBLO III";"FI";"34";"FIAT"
"460";"52";"DUCATO";"FI";"34";"FIAT"
"461";"27";"FIORINO";"FI";"34";"FIAT"
"462";"647";"FIORINO QUBO";"FI";"34";"FIAT"
"463";"729";"FREEMONT";"FI";"34";"FIAT"
"464";"1401";"FULLBACK";"FI";"34";"FIAT"
"465";"1249";"GRANDE PUNTO";"FI";"34";"FIAT"
"466";"1193";"IDEA";"FI";"34";"FIAT"
"467";"58";"MAREA";"FI";"34";"FIAT"
"468";"61";"MULTIPLA";"FI";"34";"FIAT"
"469";"59";"PALIO";"FI";"34";"FIAT"
"470";"28";"PANDA";"FI";"34";"FIAT"
"471";"29";"PININFARINA";"FI";"34";"FIAT"
"472";"50";"PUNTO";"FI";"34";"FIAT"
"473";"685";"PUNTO EVO";"FI";"34";"FIAT"
"474";"30";"REGATA";"FI";"34";"FIAT"
"475";"31";"RITMO";"FI";"34";"FIAT"
"476";"57";"SCUDO";"FI";"34";"FIAT"
"477";"1609";"SCUDO III";"FI";"34";"FIAT"
"478";"1278";"SEDICI";"FI";"34";"FIAT"
"479";"60";"SEICENTO";"FI";"34";"FIAT"
"480";"1130";"STILO";"FI";"34";"FIAT"
"481";"1096";"STRADA";"FI";"34";"FIAT"
"482";"1402";"TALENTO";"FI";"34";"FIAT"
"483";"32";"TEMPRA";"FI";"34";"FIAT"
"484";"33";"TIPO";"FI";"34";"FIAT"
"485";"53";"ULYSSE";"FI";"34";"FIAT"
"486";"1612";"ULYSSE III";"FI";"34";"FIAT"
"487";"34";"UNO";"FI";"34";"FIAT"
"488";"35";"X1\/9";"FI";"34";"FIAT"
"489";"1306";"KARMA";"FK";"35";"FISKER"
"490";"78";"A0406";"FO";"36";"FORD"
"491";"64";"A0407";"FO";"36";"FORD"
"492";"80";"A0408";"FO";"36";"FORD"
"493";"79";"A0409";"FO";"36";"FORD"
"494";"81";"A0410";"FO";"36";"FORD"
"495";"62";"AEROSTAR";"FO";"36";"FORD"
"496";"63";"ANGLIA";"FO";"36";"FORD"
"497";"1295";"B-MAX";"FO";"36";"FORD"
"498";"65";"CAPRI";"FO";"36";"FORD"
"499";"66";"CONSUL";"FO";"36";"FORD"
"500";"67";"CORTINA";"FO";"36";"FORD"
"501";"90";"COUGAR";"FO";"36";"FORD"
"502";"77";"COURRIER";"FO";"36";"FORD"
"503";"1335";"ECOSPORT";"FO";"36";"FORD"
"504";"1386";"EDGE";"FO";"36";"FORD"
"505";"68";"ESCORT";"FO";"36";"FORD"
"506";"83";"EXPLORER";"FO";"36";"FORD"
"507";"69";"FIESTA";"FO";"36";"FORD"
"508";"89";"FOCUS";"FO";"36";"FORD"
"509";"1182";"FOCUS C-MAX";"FO";"36";"FORD"
"510";"1451";"FOCUS IV";"FO";"36";"FORD"
"511";"1142";"FUSION";"FO";"36";"FORD"
"512";"86";"GALAXY";"FO";"36";"FORD"
"513";"70";"GRANADA";"FO";"36";"FORD"
"514";"87";"KA";"FO";"36";"FORD"
"515";"1405";"KA+";"FO";"36";"FORD"
"516";"615";"KUGA";"FO";"36";"FORD"
"517";"1513";"KUGA III";"FO";"36";"FORD"
"518";"84";"MAVERICK";"FO";"36";"FORD"
"519";"82";"MONDEO";"FO";"36";"FORD"
"520";"1361";"MONDEO*";"FO";"36";"FORD"
"521";"1376";"MUSTANG";"FO";"36";"FORD"
"522";"1540";"MUSTANG MACH-E";"FO";"36";"FORD"
"523";"71";"ORION";"FO";"36";"FORD"
"524";"72";"P 100";"FO";"36";"FORD"
"525";"85";"PROBE";"FO";"36";"FORD"
"526";"88";"PUMA";"FO";"36";"FORD"
"527";"1506";"PUMA II";"FO";"36";"FORD"
"528";"1122";"RANGER";"FO";"36";"FORD"
"529";"1631";"RANGER IV";"FO";"36";"FORD"
"530";"1277";"S-MAX";"FO";"36";"FORD"
"531";"73";"SCORPIO";"FO";"36";"FORD"
"532";"74";"SIERRA";"FO";"36";"FORD"
"533";"75";"TAUNUS";"FO";"36";"FORD"
"534";"619";"TOURNEO";"FO";"36";"FORD"
"535";"1169";"TOURNEO CONNECT";"FO";"36";"FORD"
"536";"1610";"TOURNEO CONNECT III";"FO";"36";"FORD"
"537";"1353";"TOURNEO COURIER";"FO";"36";"FORD"
"538";"1319";"TOURNEO CUSTOM";"FO";"36";"FORD"
"539";"76";"TRANSIT";"FO";"36";"FORD"
"540";"1168";"TRANSIT CONNECT";"FO";"36";"FORD"
"541";"1352";"TRANSIT COURIER";"FO";"36";"FORD"
"542";"1301";"TRANSIT CUSTOM";"FO";"36";"FORD"
"543";"1340";"TRANSIT VI";"FO";"36";"FORD"
"544";"93";"125";"FP";"37";"FSO-POLSKI"
"545";"94";"125P";"FP";"37";"FSO-POLSKI"
"546";"95";"1500";"FP";"37";"FSO-POLSKI"
"547";"98";"ATOU";"FP";"37";"FSO-POLSKI"
"548";"97";"CARO";"FP";"37";"FSO-POLSKI"
"549";"91";"LINDA";"FP";"37";"FSO-POLSKI"
"550";"92";"POLONEZ";"FP";"37";"FSO-POLSKI"
"551";"96";"TRUCK";"FP";"37";"FSO-POLSKI"
"552";"1367";"GA";"GC";"38";"GAC GONOW"
"553";"1368";"WAY";"GC";"38";"GAC GONOW"
"554";"99";"MIDI";"GM";"39";"GME"
"555";"100";"RASCAL";"GM";"39";"GME"
"556";"101";"DALLAS";"GR";"40";"GRANDIN"
"557";"752";"ACCORD";"HO";"41";"HONDA"
"558";"753";"ACTY";"HO";"41";"HONDA"
"559";"754";"CIVIC";"HO";"41";"HONDA"
"560";"1621";"CIVIC XI";"HO";"41";"HONDA"
"561";"755";"CONCERTO";"HO";"41";"HONDA"
"562";"697";"CR-Z";"HO";"41";"HONDA"
"563";"763";"CRV";"HO";"41";"HONDA"
"564";"1470";"CRV V";"HO";"41";"HONDA"
"565";"761";"CRX";"HO";"41";"HONDA"
"566";"1229";"FR-V";"HO";"41";"HONDA"
"567";"1522";"HONDA E";"HO";"41";"HONDA"
"568";"765";"HR-V";"HO";"41";"HONDA"
"569";"1584";"HR-V III";"HO";"41";"HONDA"
"570";"663";"INSIGHT";"HO";"41";"HONDA"
"571";"764";"INTEGRA";"HO";"41";"HONDA"
"572";"1135";"JAZZ";"HO";"41";"HONDA"
"573";"1521";"JAZZ IV";"HO";"41";"HONDA"
"574";"756";"LEGEND";"HO";"41";"HONDA"
"575";"766";"LOGO";"HO";"41";"HONDA"
"576";"757";"N360";"HO";"41";"HONDA"
"577";"760";"NSX";"HO";"41";"HONDA"
"578";"758";"PRELUDE";"HO";"41";"HONDA"
"579";"759";"QUINTET";"HO";"41";"HONDA"
"580";"767";"S2000";"HO";"41";"HONDA"
"581";"762";"SHUTTLE";"HO";"41";"HONDA"
"582";"1120";"STREAM";"HO";"41";"HONDA"
"583";"749";"ACCENT";"HD";"42";"HYUNDAI"
"584";"107";"ATOS";"HD";"42";"HYUNDAI"
"585";"583";"AZERA";"HD";"42";"HYUNDAI"
"586";"1563";"BAYON";"HD";"42";"HYUNDAI"
"587";"1092";"COUPE";"HD";"42";"HYUNDAI"
"588";"1106";"ELANTRA";"HD";"42";"HYUNDAI"
"589";"748";"GALLOPER";"HD";"42";"HYUNDAI"
"590";"711";"GENESIS";"HD";"42";"HYUNDAI"
"591";"1150";"GETZ";"HD";"42";"HYUNDAI"
"592";"751";"H-1";"HD";"42";"HYUNDAI"
"593";"106";"H100";"HD";"42";"HYUNDAI"
"594";"613";"I10";"HD";"42";"HYUNDAI"
"595";"1515";"I10 III";"HD";"42";"HYUNDAI"
"596";"658";"I20";"HD";"42";"HYUNDAI"
"597";"1533";"I20 III";"HD";"42";"HYUNDAI"
"598";"600";"I30";"HD";"42";"HYUNDAI"
"599";"737";"I40";"HD";"42";"HYUNDAI"
"600";"1404";"IONIQ";"HD";"42";"HYUNDAI"
"601";"1557";"IONIQ 5";"HD";"42";"HYUNDAI"
"602";"713";"IX20";"HD";"42";"HYUNDAI"
"603";"692";"IX35";"HD";"42";"HYUNDAI"
"604";"637";"IX55";"HD";"42";"HYUNDAI"
"605";"1427";"KONA";"HD";"42";"HYUNDAI"
"606";"104";"LANTRA";"HD";"42";"HYUNDAI"
"607";"1132";"MATRIX";"HD";"42";"HYUNDAI"
"608";"1602";"NEXO";"HD";"42";"HYUNDAI"
"609";"102";"PONY";"HD";"42";"HYUNDAI"
"610";"1107";"SANTA FE";"HD";"42";"HYUNDAI"
"611";"747";"SATELLITE";"HD";"42";"HYUNDAI"
"612";"105";"SCOUPE";"HD";"42";"HYUNDAI"
"613";"103";"SONATA";"HD";"42";"HYUNDAI"
"614";"1121";"TERRACAN";"HD";"42";"HYUNDAI"
"615";"1088";"TRAJET";"HD";"42";"HYUNDAI"
"616";"1220";"TUCSON";"HD";"42";"HYUNDAI"
"617";"1541";"TUCSON IV";"HD";"42";"HYUNDAI"
"618";"726";"VELOSTER";"HD";"42";"HYUNDAI"
"619";"750";"XG";"HD";"42";"HYUNDAI"
"620";"660";"EX";"IF";"43";"INFINITI"
"621";"650";"FX";"IF";"43";"INFINITI"
"622";"659";"G";"IF";"43";"INFINITI"
"623";"709";"M";"IF";"43";"INFINITI"
"624";"1381";"Q30";"IF";"43";"INFINITI"
"625";"1322";"Q50";"IF";"43";"INFINITI"
"626";"1329";"Q60";"IF";"43";"INFINITI"
"627";"1337";"Q70";"IF";"43";"INFINITI"
"628";"1391";"QX30";"IF";"43";"INFINITI"
"629";"1332";"QX50";"IF";"43";"INFINITI"
"630";"1330";"QX70";"IF";"43";"INFINITI"
"631";"1089";"1000";"IN";"44";"INNOCENTI"
"632";"770";"1100";"IN";"44";"INNOCENTI"
"633";"771";"2200";"IN";"44";"INNOCENTI"
"634";"772";"500";"IN";"44";"INNOCENTI"
"635";"773";"650";"IN";"44";"INNOCENTI"
"636";"774";"90";"IN";"44";"INNOCENTI"
"637";"775";"990";"IN";"44";"INNOCENTI"
"638";"768";"DE TOMASO";"IN";"44";"INNOCENTI"
"639";"1090";"MINI";"IN";"44";"INNOCENTI"
"640";"769";"MINIMATIC";"IN";"44";"INNOCENTI"
"641";"1215";"D-MAX";"IS";"45";"ISUZU"
"642";"1618";"D-MAX III";"IS";"45";"ISUZU"
"643";"1113";"SERIE N";"IS";"45";"ISUZU"
"644";"776";"TROOPER";"IS";"45";"ISUZU"
"645";"777";"DAILY";"IU";"46";"IVECO"
"646";"652";"MASSIF";"IU";"46";"IVECO"
"647";"231";"420";"JA";"47";"JAGUAR"
"648";"778";"E";"JA";"47";"JAGUAR"
"649";"1432";"E-PACE";"JA";"47";"JAGUAR"
"650";"1385";"F-PACE";"JA";"47";"JAGUAR"
"651";"1315";"F-TYPE";"JA";"47";"JAGUAR"
"652";"1440";"I-PACE";"JA";"47";"JAGUAR"
"653";"236";"S-TYPE";"JA";"47";"JAGUAR"
"654";"779";"SOVEREIGN";"JA";"47";"JAGUAR"
"655";"233";"V12";"JA";"47";"JAGUAR"
"656";"1158";"X-TYPE";"JA";"47";"JAGUAR"
"657";"1369";"XE";"JA";"47";"JAGUAR"
"658";"611";"XF";"JA";"47";"JAGUAR"
"659";"780";"XJ";"JA";"47";"JAGUAR"
"660";"783";"XJ6";"JA";"47";"JAGUAR"
"661";"235";"XJ8";"JA";"47";"JAGUAR"
"662";"232";"XJR";"JA";"47";"JAGUAR"
"663";"781";"XJS";"JA";"47";"JAGUAR"
"664";"782";"XJSC";"JA";"47";"JAGUAR"
"665";"1218";"XK";"JA";"47";"JAGUAR"
"666";"234";"XK8";"JA";"47";"JAGUAR"
"667";"238";"CHEROKEE";"JP";"48";"JEEP"
"668";"563";"COMMANDER";"JP";"48";"JEEP"
"669";"585";"COMPASS";"JP";"48";"JEEP"
"670";"1595";"GLADIATOR";"JP";"48";"JEEP"
"671";"239";"GRAND CHEROKEE";"JP";"48";"JEEP"
"672";"1622";"GRAND CHEROKEE V";"JP";"48";"JEEP"
"673";"608";"PATRIOT";"JP";"48";"JEEP"
"674";"1362";"RENEGADE";"JP";"48";"JEEP"
"675";"237";"WRANGLER";"JP";"48";"JEEP"
"676";"1459";"WRANGLER IV";"JP";"48";"JEEP"
"677";"240";"BESTA";"KA";"49";"KIA"
"678";"1153";"CARENS";"KA";"49";"KIA"
"679";"247";"CARNIVAL";"KA";"49";"KIA"
"680";"588";"CEED";"KA";"49";"KIA"
"681";"1445";"CEED III";"KA";"49";"KIA"
"682";"1225";"CERATO";"KA";"49";"KIA"
"683";"243";"CLARUS";"KA";"49";"KIA"
"684";"1489";"E-SOUL";"KA";"49";"KIA"
"685";"1580";"EV6";"KA";"49";"KIA"
"686";"1154";"MAGENTIS";"KA";"49";"KIA"
"687";"1400";"NIRO";"KA";"49";"KIA"
"688";"1624";"NIRO II";"KA";"49";"KIA"
"689";"1199";"OPIRUS";"KA";"49";"KIA"
"690";"1282";"OPTIMA";"KA";"49";"KIA"
"691";"1217";"PICANTO";"KA";"49";"KIA"
"692";"245";"PREGIO";"KA";"49";"KIA"
"693";"244";"PRIDE";"KA";"49";"KIA"
"694";"1152";"RIO";"KA";"49";"KIA"
"695";"241";"SEPHIA";"KA";"49";"KIA"
"696";"246";"SHUMA";"KA";"49";"KIA"
"697";"1151";"SORENTO";"KA";"49";"KIA"
"698";"1548";"SORENTO IV";"KA";"49";"KIA"
"699";"657";"SOUL";"KA";"49";"KIA"
"700";"242";"SPORTAGE";"KA";"49";"KIA"
"701";"1592";"SPORTAGE V";"KA";"49";"KIA"
"702";"1434";"STINGER";"KA";"49";"KIA"
"703";"1422";"STONIC";"KA";"49";"KIA"
"704";"689";"VENGA";"KA";"49";"KIA"
"705";"271";"110";"LD";"50";"LADA"
"706";"272";"111";"LD";"50";"LADA"
"707";"577";"1118";"LD";"50";"LADA"
"708";"1226";"112";"LD";"50";"LADA"
"709";"265";"1200";"LD";"50";"LADA"
"710";"266";"1300";"LD";"50";"LADA"
"711";"267";"1500";"LD";"50";"LADA"
"712";"268";"1600";"LD";"50";"LADA"
"713";"1323";"GRANTA";"LD";"50";"LADA"
"714";"629";"KALINA";"LD";"50";"LADA"
"715";"270";"KALINKA";"LD";"50";"LADA"
"716";"263";"NIVA";"LD";"50";"LADA"
"717";"701";"PRIORA";"LD";"50";"LADA"
"718";"269";"SAGONA";"LD";"50";"LADA"
"719";"264";"SAMARA";"LD";"50";"LADA"
"720";"248";"BETA";"LA";"52";"LANCIA"
"721";"249";"DEDRA";"LA";"52";"LANCIA"
"722";"250";"DELTA";"LA";"52";"LANCIA"
"723";"251";"FLAMINIA";"LA";"52";"LANCIA"
"724";"252";"FLAVIA";"LA";"52";"LANCIA"
"725";"253";"FULVIA";"LA";"52";"LANCIA"
"726";"254";"GAMMA";"LA";"52";"LANCIA"
"727";"259";"KAPPA";"LA";"52";"LANCIA"
"728";"262";"LYBRA";"LA";"52";"LANCIA"
"729";"784";"MUSA";"LA";"52";"LANCIA"
"730";"1162";"PHEDRA";"LA";"52";"LANCIA"
"731";"255";"PRISMA";"LA";"52";"LANCIA"
"732";"256";"THEMA";"LA";"52";"LANCIA"
"733";"1163";"THESIS";"LA";"52";"LANCIA"
"734";"257";"TREVI";"LA";"52";"LANCIA"
"735";"746";"VOYAGER";"LA";"52";"LANCIA"
"736";"261";"Y";"LA";"52";"LANCIA"
"737";"258";"Y10";"LA";"52";"LANCIA"
"738";"1194";"YPSILON";"LA";"52";"LANCIA"
"739";"260";"ZETA";"LA";"52";"LANCIA"
"740";"280";"110";"LR";"53";"LAND ROVER"
"741";"282";"88";"LR";"53";"LAND ROVER"
"742";"281";"90";"LR";"53";"LAND ROVER"
"743";"277";"DEFENDER";"LR";"53";"LAND ROVER"
"744";"1512";"DEFENDER II";"LR";"53";"LAND ROVER"
"745";"278";"DISCOVERY";"LR";"53";"LAND ROVER"
"746";"1364";"DISCOVERY SPORT";"LR";"53";"LAND ROVER"
"747";"736";"EVOQUE";"LR";"53";"LAND ROVER"
"748";"1476";"EVOQUE II";"LR";"53";"LAND ROVER"
"749";"283";"FREELANDER";"LR";"53";"LAND ROVER"
"750";"279";"RANGE 4X4";"LR";"53";"LAND ROVER"
"751";"1265";"RANGE ROVER SPORT";"LR";"53";"LAND ROVER"
"752";"1620";"RANGE ROVER SPORT III";"LR";"53";"LAND ROVER"
"753";"1583";"RANGE ROVER V";"LR";"53";"LAND ROVER"
"754";"1415";"VELAR";"LR";"53";"LAND ROVER"
"755";"1097";"CONVOY";"LL";"54";"LDV"
"756";"715";"CT";"LX";"55";"LEXUS"
"757";"1465";"ES";"LX";"55";"LEXUS"
"758";"1256";"GS";"LX";"55";"LEXUS"
"759";"1255";"IS";"LX";"55";"LEXUS"
"760";"1228";"IS SPORTCROSS";"LX";"55";"LEXUS"
"761";"1425";"LC";"LX";"55";"LEXUS"
"762";"734";"LFA";"LX";"55";"LEXUS"
"763";"1258";"LS";"LX";"55";"LEXUS"
"764";"1438";"LS II";"LX";"55";"LEXUS"
"765";"1360";"NX";"LX";"55";"LEXUS"
"766";"1591";"NX II";"LX";"55";"LEXUS"
"767";"1384";"RC";"LX";"55";"LEXUS"
"768";"1257";"RX";"LX";"55";"LEXUS"
"769";"1259";"SC";"LX";"55";"LEXUS"
"770";"1473";"UX";"LX";"55";"LEXUS"
"771";"273";"ELAN";"LO";"56";"LOTUS"
"772";"276";"ELISE";"LO";"56";"LOTUS"
"773";"274";"ESPRIT";"LO";"56";"LOTUS"
"774";"656";"EUROPA";"LO";"56";"LOTUS"
"775";"655";"EXIGE";"LO";"56";"LOTUS"
"776";"275";"OMEGA";"LO";"56";"LOTUS"
"777";"1564";"01";"LC";"57";"LYNK&CO"
"778";"1246";"BOLERO";"MH";"58";"MAHINDRA"
"779";"338";"CJ";"MH";"58";"MAHINDRA"
"780";"1245";"GOA";"MH";"58";"MAHINDRA"
"781";"1420";"TGE";"NM";"59";"MAN"
"782";"284";"800";"MA";"60";"MARUTI"
"783";"566";"COUPE";"MS";"61";"MASERATI"
"784";"1339";"GHIBLI";"MS";"61";"MASERATI"
"785";"743";"GRANCABRIO";"MS";"61";"MASERATI"
"786";"567";"GRANSPORT";"MS";"61";"MASERATI"
"787";"742";"GRANTURISMO";"MS";"61";"MASERATI"
"788";"1608";"MC20";"MS";"61";"MASERATI"
"789";"568";"QUATTROPORTE";"MS";"61";"MASERATI"
"790";"356";"BAGHEERA";"MT";"62";"MATRA"
"791";"358";"M530";"MT";"62";"MATRA"
"792";"357";"MURENA";"MT";"62";"MATRA"
"793";"359";"RANCHO";"MT";"62";"MATRA"
"794";"370";"1000";"MZ";"63";"MAZDA"
"795";"371";"1200";"MZ";"63";"MAZDA"
"796";"372";"121";"MZ";"63";"MAZDA"
"797";"373";"1800";"MZ";"63";"MAZDA"
"798";"374";"323";"MZ";"63";"MAZDA"
"799";"375";"616";"MZ";"63";"MAZDA"
"800";"376";"626";"MZ";"63";"MAZDA"
"801";"377";"818";"MZ";"63";"MAZDA"
"802";"378";"929";"MZ";"63";"MAZDA"
"803";"360";"BONGO";"MZ";"63";"MAZDA"
"804";"586";"BT50";"MZ";"63";"MAZDA"
"805";"1373";"CX-3";"MZ";"63";"MAZDA"
"806";"1494";"CX-30";"MZ";"63";"MAZDA"
"807";"1287";"CX-5";"MZ";"63";"MAZDA"
"808";"1619";"CX-60";"MZ";"63";"MAZDA"
"809";"601";"CX-7";"MZ";"63";"MAZDA"
"810";"385";"DEMIO";"MZ";"63";"MAZDA"
"811";"361";"E2200";"MZ";"63";"MAZDA"
"812";"1175";"MAZDA2";"MZ";"63";"MAZDA"
"813";"1605";"MAZDA2 IV";"MZ";"63";"MAZDA"
"814";"1189";"MAZDA3";"MZ";"63";"MAZDA"
"815";"1471";"MAZDA3 IV";"MZ";"63";"MAZDA"
"816";"1243";"MAZDA5";"MZ";"63";"MAZDA"
"817";"1149";"MAZDA6";"MZ";"63";"MAZDA"
"818";"362";"MINIBUS";"MZ";"63";"MAZDA"
"819";"384";"MPV";"MZ";"63";"MAZDA"
"820";"1525";"MX-30";"MZ";"63";"MAZDA"
"821";"379";"MX3";"MZ";"63";"MAZDA"
"822";"363";"MX5";"MZ";"63";"MAZDA"
"823";"380";"MX6";"MZ";"63";"MAZDA"
"824";"364";"PICK-UP";"MZ";"63";"MAZDA"
"825";"386";"PREMACY";"MZ";"63";"MAZDA"
"826";"369";"R100";"MZ";"63";"MAZDA"
"827";"365";"RX2";"MZ";"63";"MAZDA"
"828";"366";"RX3";"MZ";"63";"MAZDA"
"829";"367";"RX5";"MZ";"63";"MAZDA"
"830";"368";"RX7";"MZ";"63";"MAZDA"
"831";"1190";"RX8";"MZ";"63";"MAZDA"
"832";"382";"T2500";"MZ";"63";"MAZDA"
"833";"1131";"TRIBUTE";"MZ";"63";"MAZDA"
"834";"381";"XEDOS 6";"MZ";"63";"MAZDA"
"835";"383";"XEDOS 9";"MZ";"63";"MAZDA"
"836";"285";"SMART";"MC";"64";"MCC"
"837";"354";"CABRIOLET";"MM";"65";"MEGA"
"838";"353";"CLUB";"MM";"65";"MEGA"
"839";"1137";"CONCEPT";"MM";"65";"MEGA"
"840";"355";"FOURGON";"MM";"65";"MEGA"
"841";"352";"RANCH";"MM";"65";"MEGA"
"842";"287";"190";"ME";"66";"MERCEDES"
"843";"288";"200";"ME";"66";"MERCEDES"
"844";"289";"206";"ME";"66";"MERCEDES"
"845";"290";"207";"ME";"66";"MERCEDES"
"846";"291";"208";"ME";"66";"MERCEDES"
"847";"292";"209";"ME";"66";"MERCEDES"
"848";"293";"210";"ME";"66";"MERCEDES"
"849";"294";"220";"ME";"66";"MERCEDES"
"850";"295";"230";"ME";"66";"MERCEDES"
"851";"296";"240";"ME";"66";"MERCEDES"
"852";"297";"250";"ME";"66";"MERCEDES"
"853";"298";"260";"ME";"66";"MERCEDES"
"854";"299";"280";"ME";"66";"MERCEDES"
"855";"300";"300";"ME";"66";"MERCEDES"
"856";"301";"306";"ME";"66";"MERCEDES"
"857";"302";"307";"ME";"66";"MERCEDES"
"858";"303";"308";"ME";"66";"MERCEDES"
"859";"304";"309";"ME";"66";"MERCEDES"
"860";"305";"310";"ME";"66";"MERCEDES"
"861";"320";"320";"ME";"66";"MERCEDES"
"862";"306";"350";"ME";"66";"MERCEDES"
"863";"321";"400";"ME";"66";"MERCEDES"
"864";"319";"406";"ME";"66";"MERCEDES"
"865";"307";"407";"ME";"66";"MERCEDES"
"866";"308";"408";"ME";"66";"MERCEDES"
"867";"309";"409";"ME";"66";"MERCEDES"
"868";"310";"410";"ME";"66";"MERCEDES"
"869";"311";"420";"ME";"66";"MERCEDES"
"870";"312";"450";"ME";"66";"MERCEDES"
"871";"313";"500";"ME";"66";"MERCEDES"
"872";"314";"507";"ME";"66";"MERCEDES"
"873";"315";"508";"ME";"66";"MERCEDES"
"874";"316";"560";"ME";"66";"MERCEDES"
"875";"318";"600";"ME";"66";"MERCEDES"
"876";"317";"609";"ME";"66";"MERCEDES"
"877";"328";"611";"ME";"66";"MERCEDES"
"878";"1308";"CITAN";"ME";"66";"MERCEDES"
"879";"1578";"CITAN II";"ME";"66";"MERCEDES"
"880";"334";"CLASSE A";"ME";"66";"MERCEDES"
"881";"1439";"CLASSE A IV";"ME";"66";"MERCEDES"
"882";"1240";"CLASSE B";"ME";"66";"MERCEDES"
"883";"1469";"CLASSE B III";"ME";"66";"MERCEDES"
"884";"323";"CLASSE C";"ME";"66";"MERCEDES"
"885";"719";"CLASSE C III";"ME";"66";"MERCEDES"
"886";"1336";"CLASSE C IV";"ME";"66";"MERCEDES"
"887";"1568";"CLASSE C V";"ME";"66";"MERCEDES"
"888";"332";"CLASSE CL";"ME";"66";"MERCEDES"
"889";"1311";"CLASSE CLA";"ME";"66";"MERCEDES"
"890";"1491";"CLASSE CLA II";"ME";"66";"MERCEDES"
"891";"626";"CLASSE CLC";"ME";"66";"MERCEDES"
"892";"333";"CLASSE CLK";"ME";"66";"MERCEDES"
"893";"1233";"CLASSE CLS";"ME";"66";"MERCEDES"
"894";"324";"CLASSE E";"ME";"66";"MERCEDES"
"895";"1310";"CLASSE E IV";"ME";"66";"MERCEDES"
"896";"1389";"CLASSE E V";"ME";"66";"MERCEDES"
"897";"1555";"CLASSE EQA";"ME";"66";"MERCEDES"
"898";"1613";"CLASSE EQB";"ME";"66";"MERCEDES"
"899";"1493";"CLASSE EQC";"ME";"66";"MERCEDES"
"900";"1614";"CLASSE EQE";"ME";"66";"MERCEDES"
"901";"1585";"CLASSE EQS";"ME";"66";"MERCEDES"
"902";"1547";"CLASSE EQV";"ME";"66";"MERCEDES"
"903";"327";"CLASSE G";"ME";"66";"MERCEDES"
"904";"1446";"CLASSE G II";"ME";"66";"MERCEDES"
"905";"582";"CLASSE GL";"ME";"66";"MERCEDES"
"906";"1334";"CLASSE GLA";"ME";"66";"MERCEDES"
"907";"1527";"CLASSE GLA II";"ME";"66";"MERCEDES"
"908";"1511";"CLASSE GLB";"ME";"66";"MERCEDES"
"909";"1377";"CLASSE GLC";"ME";"66";"MERCEDES"
"910";"1372";"CLASSE GLE";"ME";"66";"MERCEDES"
"911";"1481";"CLASSE GLE II";"ME";"66";"MERCEDES"
"912";"631";"CLASSE GLK";"ME";"66";"MERCEDES"
"913";"1382";"CLASSE GLS";"ME";"66";"MERCEDES"
"914";"1499";"CLASSE GLS II";"ME";"66";"MERCEDES"
"915";"336";"CLASSE M";"ME";"66";"MERCEDES"
"916";"1271";"CLASSE R";"ME";"66";"MERCEDES"
"917";"325";"CLASSE S";"ME";"66";"MERCEDES"
"918";"1551";"CLASSE S V";"ME";"66";"MERCEDES"
"919";"326";"CLASSE SL";"ME";"66";"MERCEDES"
"920";"1388";"CLASSE SLC";"ME";"66";"MERCEDES"
"921";"330";"CLASSE SLK";"ME";"66";"MERCEDES"
"922";"691";"CLASSE SLS";"ME";"66";"MERCEDES"
"923";"331";"CLASSE V";"ME";"66";"MERCEDES"
"924";"1431";"CLASSE X";"ME";"66";"MERCEDES"
"925";"1346";"GT";"ME";"66";"MERCEDES"
"926";"286";"MB100";"ME";"66";"MERCEDES"
"927";"322";"SPRINTER";"ME";"66";"MERCEDES"
"928";"1147";"VANEO";"ME";"66";"MERCEDES"
"929";"335";"VARIO PLUS";"ME";"66";"MERCEDES"
"930";"1191";"VIANO";"ME";"66";"MERCEDES"
"931";"329";"VITO";"ME";"66";"MERCEDES"
"932";"1582";"EHS";"MG";"67";"MG"
"933";"337";"F";"MG";"67";"MG"
"934";"1588";"MARVEL R";"MG";"67";"MG"
"935";"1627";"MG4";"MG";"67";"MG"
"936";"1603";"MG5";"MG";"67";"MG"
"937";"1141";"TF";"MG";"67";"MG"
"938";"1138";"ZR";"MG";"67";"MG"
"939";"1139";"ZS";"MG";"67";"MG"
"940";"1520";"ZS II";"MG";"67";"MG"
"941";"1140";"ZT";"MG";"67";"MG"
"942";"1284";"ELECTRIC";"IA";"68";"MIA"
"943";"705";"COUNTRYMAN";"MN";"69";"MINI"
"944";"1129";"MINI";"MN";"69";"MINI"
"945";"607";"MINI CLUBMAN";"MN";"69";"MINI"
"946";"1309";"PACEMAN";"MN";"69";"MINI"
"947";"346";"3000";"MI";"70";"MITSUBISHI"
"948";"700";"ASX";"MI";"70";"MITSUBISHI"
"949";"350";"CANTER";"MI";"70";"MITSUBISHI"
"950";"349";"CARISMA";"MI";"70";"MITSUBISHI"
"951";"339";"COLT";"MI";"70";"MITSUBISHI"
"952";"1435";"ECLIPSE CROSS";"MI";"70";"MITSUBISHI"
"953";"340";"ESTATE";"MI";"70";"MITSUBISHI"
"954";"341";"GALANT";"MI";"70";"MITSUBISHI"
"955";"1242";"GRANDIS";"MI";"70";"MITSUBISHI"
"956";"728";"I-MIEV";"MI";"70";"MITSUBISHI"
"957";"347";"L200";"MI";"70";"MITSUBISHI"
"958";"342";"LANCER";"MI";"70";"MITSUBISHI"
"959";"1133";"MONTERO";"MI";"70";"MITSUBISHI"
"960";"1181";"OUTLANDER";"MI";"70";"MITSUBISHI"
"961";"343";"PAJERO";"MI";"70";"MITSUBISHI"
"962";"344";"SAPPORO";"MI";"70";"MITSUBISHI"
"963";"348";"SPACE RUNNER";"MI";"70";"MITSUBISHI"
"964";"351";"SPACE STAR";"MI";"70";"MITSUBISHI"
"965";"1317";"SPACE STAR II";"MI";"70";"MITSUBISHI"
"966";"345";"SPACE WAGON";"MI";"70";"MITSUBISHI"
"967";"1413";"PS160";"PM";"71";"MPM MOTORS"
"968";"404";"100 NX";"NA";"72";"NISSAN"
"969";"402";"200 SX";"NA";"72";"NISSAN"
"970";"403";"300 ZX";"NA";"72";"NISSAN"
"971";"1204";"350 Z";"NA";"72";"NISSAN"
"972";"674";"370 Z";"NA";"72";"NISSAN"
"973";"409";"ALMERA";"NA";"72";"NISSAN"
"974";"1098";"ALMERA TINO";"NA";"72";"NISSAN"
"975";"1606";"ARIYA";"NA";"72";"NISSAN"
"976";"599";"ATLEON";"NA";"72";"NISSAN"
"977";"387";"BLUEBIRD";"NA";"72";"NISSAN"
"978";"412";"CABSTAR";"NA";"72";"NISSAN"
"979";"388";"CEDRIC";"NA";"72";"NISSAN"
"980";"690";"CUBE";"NA";"72";"NISSAN"
"981";"411";"ECO T100";"NA";"72";"NISSAN"
"982";"675";"GT-R";"NA";"72";"NISSAN"
"983";"1171";"INTERSTAR";"NA";"72";"NISSAN"
"984";"1597";"INTERSTAR II";"NA";"72";"NISSAN"
"985";"704";"JUKE";"NA";"72";"NISSAN"
"986";"1501";"JUKE II";"NA";"72";"NISSAN"
"987";"389";"KING-CAB";"NA";"72";"NISSAN"
"988";"1202";"KUBISTAR";"NA";"72";"NISSAN"
"989";"410";"L35";"NA";"72";"NISSAN"
"990";"730";"LEAF";"NA";"72";"NISSAN"
"991";"390";"MAXIMA";"NA";"72";"NISSAN"
"992";"408";"MAXIMA QX";"NA";"72";"NISSAN"
"993";"391";"MICRA";"NA";"72";"NISSAN"
"994";"1231";"MURANO";"NA";"72";"NISSAN"
"995";"1252";"NAVARA";"NA";"72";"NISSAN"
"996";"1272";"NOTE";"NA";"72";"NISSAN"
"997";"624";"NP300";"NA";"72";"NISSAN"
"998";"684";"NV200";"NA";"72";"NISSAN"
"999";"1510";"NV250";"NA";"72";"NISSAN"
"1000";"1409";"NV300";"NA";"72";"NISSAN"
"1001";"1280";"NV400";"NA";"72";"NISSAN"
"1002";"1260";"PATHFINDER";"NA";"72";"NISSAN"
"1003";"392";"PATROL";"NA";"72";"NISSAN"
"1004";"393";"PICK-UP";"NA";"72";"NISSAN"
"1005";"673";"PIXO";"NA";"72";"NISSAN"
"1006";"394";"PRAIRIE";"NA";"72";"NISSAN"
"1007";"1170";"PRIMASTAR";"NA";"72";"NISSAN"
"1008";"1601";"PRIMASTAR II";"NA";"72";"NISSAN"
"1009";"395";"PRIMERA";"NA";"72";"NISSAN"
"1010";"1355";"PULSAR";"NA";"72";"NISSAN"
"1011";"584";"QASHQAI";"NA";"72";"NISSAN"
"1012";"1559";"QASHQAI III";"NA";"72";"NISSAN"
"1013";"405";"SERENA";"NA";"72";"NISSAN"
"1014";"396";"SILVIA";"NA";"72";"NISSAN"
"1015";"397";"STANZA";"NA";"72";"NISSAN"
"1016";"398";"SUNNY";"NA";"72";"NISSAN"
"1017";"399";"TERRANO";"NA";"72";"NISSAN"
"1018";"406";"TERRANO II";"NA";"72";"NISSAN"
"1019";"1200";"TINO";"NA";"72";"NISSAN"
"1020";"1590";"TOWNSTAR";"NA";"72";"NISSAN"
"1021";"407";"TRADE";"NA";"72";"NISSAN"
"1022";"400";"URVAN";"NA";"72";"NISSAN"
"1023";"401";"VANETTE";"NA";"72";"NISSAN"
"1024";"1124";"X-TRAIL";"NA";"72";"NISSAN"
"1025";"1626";"X-TRAIL IV";"NA";"72";"NISSAN"
"1026";"1307";"ADAM";"OP";"73";"OPEL"
"1027";"413";"ADMIRAL";"OP";"73";"OPEL"
"1028";"1095";"AGILA";"OP";"73";"OPEL"
"1029";"1279";"AMPERA";"OP";"73";"OPEL"
"1030";"578";"ANTARA";"OP";"73";"OPEL"
"1031";"414";"ASCONA";"OP";"73";"OPEL"
"1032";"429";"ASTRA";"OP";"73";"OPEL"
"1033";"1577";"ASTRA VI";"OP";"73";"OPEL"
"1034";"431";"CABRIO";"OP";"73";"OPEL"
"1035";"415";"CALIBRA";"OP";"73";"OPEL"
"1036";"437";"CAMPO";"OP";"73";"OPEL"
"1037";"1314";"CASCADA";"OP";"73";"OPEL"
"1038";"416";"CITY";"OP";"73";"OPEL"
"1039";"1143";"COMBO";"OP";"73";"OPEL"
"1040";"1467";"COMBO III";"OP";"73";"OPEL"
"1041";"1453";"COMBO LIFE";"OP";"73";"OPEL"
"1042";"417";"COMMODORE";"OP";"73";"OPEL"
"1043";"418";"CORSA";"OP";"73";"OPEL"
"1044";"1500";"CORSA VI";"OP";"73";"OPEL"
"1045";"419";"CORSAVAN";"OP";"73";"OPEL"
"1046";"1576";"CROSSLAND";"OP";"73";"OPEL"
"1047";"1416";"CROSSLAND X";"OP";"73";"OPEL"
"1048";"420";"DIPLOMAT";"OP";"73";"OPEL"
"1049";"430";"FRONTERA";"OP";"73";"OPEL"
"1050";"1599";"GRANDLAND";"OP";"73";"OPEL"
"1051";"1428";"GRANDLAND X";"OP";"73";"OPEL"
"1052";"589";"GT";"OP";"73";"OPEL"
"1053";"648";"INSIGNIA";"OP";"73";"OPEL"
"1054";"421";"KADETT";"OP";"73";"OPEL"
"1055";"422";"KAPITAN";"OP";"73";"OPEL"
"1056";"1375";"KARL";"OP";"73";"OPEL"
"1057";"423";"MANTA";"OP";"73";"OPEL"
"1058";"1174";"MERIVA";"OP";"73";"OPEL"
"1059";"1305";"MOKKA";"OP";"73";"OPEL"
"1060";"1538";"MOKKA II";"OP";"73";"OPEL"
"1061";"432";"MONTEREY";"OP";"73";"OPEL"
"1062";"424";"MONZA";"OP";"73";"OPEL"
"1063";"435";"MOVANO";"OP";"73";"OPEL"
"1064";"1586";"MOVANO III";"OP";"73";"OPEL"
"1065";"425";"OMEGA";"OP";"73";"OPEL"
"1066";"426";"REKORD";"OP";"73";"OPEL"
"1067";"427";"SENATOR";"OP";"73";"OPEL"
"1068";"1178";"SIGNUM";"OP";"73";"OPEL"
"1069";"434";"SINTRA";"OP";"73";"OPEL"
"1070";"1110";"SPEEDSTER";"OP";"73";"OPEL"
"1071";"433";"TIGRA";"OP";"73";"OPEL"
"1072";"428";"VECTRA";"OP";"73";"OPEL"
"1073";"1128";"VIVARO";"OP";"73";"OPEL"
"1074";"1504";"VIVARO III";"OP";"73";"OPEL"
"1075";"436";"ZAFIRA";"OP";"73";"OPEL"
"1076";"1507";"ZAFIRA LIFE";"OP";"73";"OPEL"
"1077";"440";"24";"PA";"74";"PANHARD"
"1078";"438";"DYNA";"PA";"74";"PANHARD"
"1079";"439";"PL";"PA";"74";"PANHARD"
"1080";"786";"1007";"PE";"75";"PEUGEOT"
"1081";"448";"104";"PE";"75";"PEUGEOT"
"1082";"460";"106";"PE";"75";"PEUGEOT"
"1083";"1238";"107";"PE";"75";"PEUGEOT"
"1084";"1348";"108";"PE";"75";"PEUGEOT"
"1085";"1316";"2008";"PE";"75";"PEUGEOT"
"1086";"1502";"2008 II";"PE";"75";"PEUGEOT"
"1087";"463";"203";"PE";"75";"PEUGEOT"
"1088";"464";"204";"PE";"75";"PEUGEOT"
"1089";"449";"205";"PE";"75";"PEUGEOT"
"1090";"472";"206";"PE";"75";"PEUGEOT"
"1091";"1274";"207";"PE";"75";"PEUGEOT"
"1092";"1285";"208";"PE";"75";"PEUGEOT"
"1093";"1490";"208 II";"PE";"75";"PEUGEOT"
"1094";"665";"3008";"PE";"75";"PEUGEOT"
"1095";"450";"304";"PE";"75";"PEUGEOT"
"1096";"451";"305";"PE";"75";"PEUGEOT"
"1097";"466";"306";"PE";"75";"PEUGEOT"
"1098";"1118";"307";"PE";"75";"PEUGEOT"
"1099";"602";"308";"PE";"75";"PEUGEOT"
"1100";"1562";"308 III";"PE";"75";"PEUGEOT"
"1101";"452";"309";"PE";"75";"PEUGEOT"
"1102";"597";"4007";"PE";"75";"PEUGEOT"
"1103";"1289";"4008";"PE";"75";"PEUGEOT"
"1104";"453";"403";"PE";"75";"PEUGEOT"
"1105";"454";"404";"PE";"75";"PEUGEOT"
"1106";"455";"405";"PE";"75";"PEUGEOT"
"1107";"470";"406";"PE";"75";"PEUGEOT"
"1108";"1210";"407";"PE";"75";"PEUGEOT"
"1109";"1633";"408";"PE";"75";"PEUGEOT"
"1110";"680";"5008";"PE";"75";"PEUGEOT"
"1111";"456";"504";"PE";"75";"PEUGEOT"
"1112";"457";"505";"PE";"75";"PEUGEOT"
"1113";"710";"508";"PE";"75";"PEUGEOT"
"1114";"1442";"508 II";"PE";"75";"PEUGEOT"
"1115";"458";"604";"PE";"75";"PEUGEOT"
"1116";"459";"605";"PE";"75";"PEUGEOT"
"1117";"473";"607";"PE";"75";"PEUGEOT"
"1118";"467";"806";"PE";"75";"PEUGEOT"
"1119";"1146";"807";"PE";"75";"PEUGEOT"
"1120";"645";"BIPPER";"PE";"75";"PEUGEOT"
"1121";"468";"BOXER";"PE";"75";"PEUGEOT"
"1122";"1397";"BOXER*";"PE";"75";"PEUGEOT"
"1123";"462";"DANGEL 504";"PE";"75";"PEUGEOT"
"1124";"443";"DANGEL 505";"PE";"75";"PEUGEOT"
"1125";"461";"DANGEL J5";"PE";"75";"PEUGEOT"
"1126";"469";"EXPERT";"PE";"75";"PEUGEOT"
"1127";"721";"ION";"PE";"75";"PEUGEOT"
"1128";"444";"J5";"PE";"75";"PEUGEOT"
"1129";"445";"J5 COMBI";"PE";"75";"PEUGEOT"
"1130";"465";"J7";"PE";"75";"PEUGEOT"
"1131";"446";"J9";"PE";"75";"PEUGEOT"
"1132";"447";"P4";"PE";"75";"PEUGEOT"
"1133";"471";"PARTNER";"PE";"75";"PEUGEOT"
"1134";"614";"PARTNER II";"PE";"75";"PEUGEOT"
"1135";"1461";"PARTNER III";"PE";"75";"PEUGEOT"
"1136";"695";"RCZ";"PE";"75";"PEUGEOT"
"1137";"1452";"RIFTER";"PE";"75";"PEUGEOT"
"1138";"1390";"TRAVELLER";"PE";"75";"PEUGEOT"
"1139";"794";"PORTER";"PI";"76";"PIAGGIO"
"1140";"442";"FIREBIRD";"PC";"77";"PONTIAC"
"1141";"441";"TRANS SPORT";"PC";"77";"PONTIAC"
"1142";"1487";"718 BOXSTER";"PO";"78";"PORSCHE"
"1143";"1486";"718 CAYMAN";"PO";"78";"PORSCHE"
"1144";"795";"911";"PO";"78";"PORSCHE"
"1145";"1466";"911 VIII";"PO";"78";"PORSCHE"
"1146";"796";"912";"PO";"78";"PORSCHE"
"1147";"797";"914";"PO";"78";"PORSCHE"
"1148";"1354";"918";"PO";"78";"PORSCHE"
"1149";"798";"924";"PO";"78";"PORSCHE"
"1150";"799";"928";"PO";"78";"PORSCHE"
"1151";"800";"930";"PO";"78";"PORSCHE"
"1152";"801";"944";"PO";"78";"PORSCHE"
"1153";"802";"968";"PO";"78";"PORSCHE"
"1154";"803";"BOXSTER";"PO";"78";"PORSCHE"
"1155";"1223";"CAYENNE";"PO";"78";"PORSCHE"
"1156";"1273";"CAYMAN";"PO";"78";"PORSCHE"
"1157";"1338";"MACAN";"PO";"78";"PORSCHE"
"1158";"1484";"MACAN II";"PO";"78";"PORSCHE"
"1159";"676";"PANAMERA";"PO";"78";"PORSCHE"
"1160";"1509";"TAYCAN";"PO";"78";"PORSCHE"
"1161";"809";"313";"PR";"79";"PROTON"
"1162";"810";"315";"PR";"79";"PROTON"
"1163";"806";"413";"PR";"79";"PROTON"
"1164";"804";"415";"PR";"79";"PROTON"
"1165";"805";"416";"PR";"79";"PROTON"
"1166";"807";"418";"PR";"79";"PROTON"
"1167";"808";"420";"PR";"79";"PROTON"
"1168";"855";"4CV";"RE";"80";"RENAULT"
"1169";"1421";"ALASKAN";"RE";"80";"RENAULT"
"1170";"1554";"ARKANA";"RE";"80";"RENAULT"
"1171";"1628";"AUSTRAL";"RE";"80";"RENAULT"
"1172";"1127";"AVANTIME";"RE";"80";"RENAULT"
"1173";"811";"B110";"RE";"80";"RENAULT"
"1174";"857";"B120";"RE";"80";"RENAULT"
"1175";"812";"B70";"RE";"80";"RENAULT"
"1176";"813";"B80";"RE";"80";"RENAULT"
"1177";"814";"B90";"RE";"80";"RENAULT"
"1178";"1318";"CAPTUR";"RE";"80";"RENAULT"
"1179";"1503";"CAPTUR II";"RE";"80";"RENAULT"
"1180";"815";"CARAVELLE";"RE";"80";"RENAULT"
"1181";"816";"CHEROKEE";"RE";"80";"RENAULT"
"1182";"817";"CLIO";"RE";"80";"RENAULT"
"1183";"1247";"CLIO III";"RE";"80";"RENAULT"
"1184";"609";"CLIO III ESTATE";"RE";"80";"RENAULT"
"1185";"1297";"CLIO IV";"RE";"80";"RENAULT"
"1186";"1312";"CLIO IV ESTATE";"RE";"80";"RENAULT"
"1187";"1483";"CLIO V";"RE";"80";"RENAULT"
"1188";"818";"DAUPHINE";"RE";"80";"RENAULT"
"1189";"819";"DAUPHINOIS";"RE";"80";"RENAULT"
"1190";"820";"ESPACE";"RE";"80";"RENAULT"
"1191";"1156";"ESPACE IV";"RE";"80";"RENAULT"
"1192";"1366";"ESPACE V";"RE";"80";"RENAULT"
"1193";"821";"ESTAFETTE";"RE";"80";"RENAULT"
"1194";"822";"EXPRESS";"RE";"80";"RENAULT"
"1195";"1594";"EXPRESS II";"RE";"80";"RENAULT"
"1196";"823";"FLORIDE";"RE";"80";"RENAULT"
"1197";"686";"FLUENCE";"RE";"80";"RENAULT"
"1198";"824";"FREGATE";"RE";"80";"RENAULT"
"1199";"825";"FUEGO";"RE";"80";"RENAULT"
"1200";"867";"GRAND ESPACE";"RE";"80";"RENAULT"
"1201";"1155";"GRAND ESPACE IV";"RE";"80";"RENAULT"
"1202";"1206";"GRAND SCENIC";"RE";"80";"RENAULT"
"1203";"826";"JEEP CJ7";"RE";"80";"RENAULT"
"1204";"827";"JUVAQUATRE";"RE";"80";"RENAULT"
"1205";"1371";"KADJAR";"RE";"80";"RENAULT"
"1206";"865";"KANGOO";"RE";"80";"RENAULT"
"1207";"866";"KANGOO EXPRESS";"RE";"80";"RENAULT"
"1208";"793";"KANGOO EXPRESS II";"RE";"80";"RENAULT"
"1209";"612";"KANGOO II";"RE";"80";"RENAULT"
"1210";"1566";"KANGOO III";"RE";"80";"RENAULT"
"1211";"620";"KOLEOS";"RE";"80";"RENAULT"
"1212";"861";"LAGUNA";"RE";"80";"RENAULT"
"1213";"1115";"LAGUNA II";"RE";"80";"RENAULT"
"1214";"1116";"LAGUNA II ESTATE";"RE";"80";"RENAULT"
"1215";"603";"LAGUNA III";"RE";"80";"RENAULT"
"1216";"605";"LAGUNA III ESTATE";"RE";"80";"RENAULT"
"1217";"862";"LAGUNA NEVADA";"RE";"80";"RENAULT"
"1218";"706";"LATITUDE";"RE";"80";"RENAULT"
"1219";"869";"MASCOTT";"RE";"80";"RENAULT"
"1220";"828";"MASTER";"RE";"80";"RENAULT"
"1221";"696";"MASTER III";"RE";"80";"RENAULT"
"1222";"592";"MAXITY";"RE";"80";"RENAULT"
"1223";"863";"MEGANE";"RE";"80";"RENAULT"
"1224";"1157";"MEGANE II";"RE";"80";"RENAULT"
"1225";"1183";"MEGANE II ESTATE";"RE";"80";"RENAULT"
"1226";"636";"MEGANE III";"RE";"80";"RENAULT"
"1227";"671";"MEGANE III ESTATE";"RE";"80";"RENAULT"
"1228";"1383";"MEGANE IV";"RE";"80";"RENAULT"
"1229";"1600";"MEGANE V";"RE";"80";"RENAULT"
"1230";"859";"MESSENGER";"RE";"80";"RENAULT"
"1231";"1222";"MODUS";"RE";"80";"RENAULT"
"1232";"829";"ONDINE";"RE";"80";"RENAULT"
"1233";"830";"PRAIRIE";"RE";"80";"RENAULT"
"1234";"832";"R10";"RE";"80";"RENAULT"
"1235";"833";"R11";"RE";"80";"RENAULT"
"1236";"834";"R12";"RE";"80";"RENAULT"
"1237";"835";"R14";"RE";"80";"RENAULT"
"1238";"836";"R15";"RE";"80";"RENAULT"
"1239";"837";"R16";"RE";"80";"RENAULT"
"1240";"838";"R17";"RE";"80";"RENAULT"
"1241";"839";"R18";"RE";"80";"RENAULT"
"1242";"840";"R19";"RE";"80";"RENAULT"
"1243";"841";"R20";"RE";"80";"RENAULT"
"1244";"842";"R21";"RE";"80";"RENAULT"
"1245";"843";"R21 NEVADA";"RE";"80";"RENAULT"
"1246";"844";"R25";"RE";"80";"RENAULT"
"1247";"845";"R30";"RE";"80";"RENAULT"
"1248";"846";"R4";"RE";"80";"RENAULT"
"1249";"847";"R5";"RE";"80";"RENAULT"
"1250";"848";"R6";"RE";"80";"RENAULT"
"1251";"849";"R8";"RE";"80";"RENAULT"
"1252";"850";"R9";"RE";"80";"RENAULT"
"1253";"831";"RODEO";"RE";"80";"RENAULT"
"1254";"858";"SAFRANE";"RE";"80";"RENAULT"
"1255";"851";"SAVANE";"RE";"80";"RENAULT"
"1256";"856";"SAVIEM";"RE";"80";"RENAULT"
"1257";"868";"SCENIC";"RE";"80";"RENAULT"
"1258";"1177";"SCENIC II";"RE";"80";"RENAULT"
"1259";"669";"SCENIC III";"RE";"80";"RENAULT"
"1260";"1403";"SCENIC IV";"RE";"80";"RENAULT"
"1261";"864";"SPIDER";"RE";"80";"RENAULT"
"1262";"852";"SUPERCINQ";"RE";"80";"RENAULT"
"1263";"1380";"TALISMAN";"RE";"80";"RENAULT"
"1264";"853";"TRAFIC";"RE";"80";"RENAULT"
"1265";"1351";"TRAFIC III";"RE";"80";"RENAULT"
"1266";"860";"TWINGO";"RE";"80";"RENAULT"
"1267";"595";"TWINGO II";"RE";"80";"RENAULT"
"1268";"1358";"TWINGO III";"RE";"80";"RENAULT"
"1269";"1134";"VEL SATIS";"RE";"80";"RENAULT"
"1270";"702";"WIND";"RE";"80";"RENAULT"
"1271";"854";"WRANGLER";"RE";"80";"RENAULT"
"1272";"1296";"ZOE";"RE";"80";"RENAULT"
"1273";"871";"111";"RO";"81";"ROVER"
"1274";"872";"114";"RO";"81";"ROVER"
"1275";"894";"115";"RO";"81";"ROVER"
"1276";"896";"200";"RO";"81";"ROVER"
"1277";"873";"2000";"RO";"81";"ROVER"
"1278";"874";"213";"RO";"81";"ROVER"
"1279";"875";"214";"RO";"81";"ROVER"
"1280";"876";"216";"RO";"81";"ROVER"
"1281";"887";"218";"RO";"81";"ROVER"
"1282";"889";"220";"RO";"81";"ROVER"
"1283";"877";"2200";"RO";"81";"ROVER"
"1284";"878";"2300";"RO";"81";"ROVER"
"1285";"879";"2400";"RO";"81";"ROVER"
"1286";"898";"25";"RO";"81";"ROVER"
"1287";"880";"2600";"RO";"81";"ROVER"
"1288";"881";"3500";"RO";"81";"ROVER"
"1289";"886";"414";"RO";"81";"ROVER"
"1290";"882";"416";"RO";"81";"ROVER"
"1291";"888";"418";"RO";"81";"ROVER"
"1292";"890";"420";"RO";"81";"ROVER"
"1293";"899";"45";"RO";"81";"ROVER"
"1294";"895";"618";"RO";"81";"ROVER"
"1295";"891";"620";"RO";"81";"ROVER"
"1296";"893";"623";"RO";"81";"ROVER"
"1297";"897";"75";"RO";"81";"ROVER"
"1298";"883";"820";"RO";"81";"ROVER"
"1299";"884";"825";"RO";"81";"ROVER"
"1300";"885";"827";"RO";"81";"ROVER"
"1301";"892";"ESTATE";"RO";"81";"ROVER"
"1302";"870";"FREIGHT";"RO";"81";"ROVER"
"1303";"1195";"STREETWISE";"RO";"81";"ROVER"
"1304";"907";"9-3";"SB";"82";"SAAB"
"1305";"1148";"9-3 BERLINE DE SPORT";"SB";"82";"SAAB"
"1306";"1262";"9-3 SPORT HATCH";"SB";"82";"SAAB"
"1307";"683";"9-3 X";"SB";"82";"SAAB"
"1308";"906";"9-5";"SB";"82";"SAAB"
"1309";"908";"9-5 ESTATE";"SB";"82";"SAAB"
"1310";"904";"900";"SB";"82";"SAAB"
"1311";"905";"9000";"SB";"82";"SAAB"
"1312";"653";"S300";"SA";"83";"SANTANA"
"1313";"654";"S350";"SA";"83";"SANTANA"
"1314";"901";"S410";"SA";"83";"SANTANA"
"1315";"902";"S413";"SA";"83";"SANTANA"
"1316";"900";"SAMURAI";"SA";"83";"SANTANA"
"1317";"903";"VITARA";"SA";"83";"SANTANA"
"1318";"918";"ALHAMBRA";"SE";"84";"SEAT"
"1319";"1216";"ALTEA";"SE";"84";"SEAT"
"1320";"580";"ALTEA  XL";"SE";"84";"SEAT"
"1321";"1424";"ARONA";"SE";"84";"SEAT"
"1322";"919";"AROSA";"SE";"84";"SEAT"
"1323";"1395";"ATECA";"SE";"84";"SEAT"
"1324";"916";"CORDOBA";"SE";"84";"SEAT"
"1325";"661";"EXEO";"SE";"84";"SEAT"
"1326";"909";"FURA";"SE";"84";"SEAT"
"1327";"910";"IBIZA";"SE";"84";"SEAT"
"1328";"1349";"IBIZA*";"SE";"84";"SEAT"
"1329";"917";"INCA";"SE";"84";"SEAT"
"1330";"920";"LEON";"SE";"84";"SEAT"
"1331";"1517";"LEON IV";"SE";"84";"SEAT"
"1332";"911";"MALAGA";"SE";"84";"SEAT"
"1333";"912";"MARBELLA";"SE";"84";"SEAT"
"1334";"1290";"MII";"SE";"84";"SEAT"
"1335";"913";"RONDA";"SE";"84";"SEAT"
"1336";"1463";"TARRACO";"SE";"84";"SEAT"
"1337";"914";"TERRA";"SE";"84";"SEAT"
"1338";"915";"TOLEDO";"SE";"84";"SEAT"
"1339";"1616";"EC35";"DK";"85";"SERES DFSK"
"1340";"1567";"SERES 3";"DK";"85";"SERES DFSK"
"1341";"925";"1050";"SK";"86";"SKODA"
"1342";"926";"120";"SK";"86";"SKODA"
"1343";"927";"130";"SK";"86";"SKODA"
"1344";"1293";"CITIGO";"SK";"86";"SKODA"
"1345";"1545";"ENYAQ";"SK";"86";"SKODA"
"1346";"1093";"FABIA";"SK";"86";"SKODA"
"1347";"1570";"FABIA IV";"SK";"86";"SKODA"
"1348";"924";"FAVORIT";"SK";"86";"SKODA"
"1349";"928";"FELICIA";"SK";"86";"SKODA"
"1350";"1492";"KAMIQ";"SK";"86";"SKODA"
"1351";"1429";"KAROQ";"SK";"86";"SKODA"
"1352";"1408";"KODIAQ";"SK";"86";"SKODA"
"1353";"929";"OCTAVIA";"SK";"86";"SKODA"
"1354";"1531";"OCTAVIA IV";"SK";"86";"SKODA"
"1355";"1302";"RAPID";"SK";"86";"SKODA"
"1356";"643";"ROOMSTER";"SK";"86";"SKODA"
"1357";"1479";"SCALA";"SK";"86";"SKODA"
"1358";"1144";"SUPERB";"SK";"86";"SKODA"
"1359";"679";"YETI";"SK";"86";"SKODA"
"1360";"1186";"CABRIO";"ST";"87";"SMART"
"1361";"1185";"CITY-COUPE";"ST";"87";"SMART"
"1362";"1205";"FORFOUR";"ST";"87";"SMART"
"1363";"1356";"FORTWO";"ST";"87";"SMART"
"1364";"1209";"FORTWO BUSINESS";"ST";"87";"SMART"
"1365";"1208";"FORTWO CABRIO";"ST";"87";"SMART"
"1366";"1207";"FORTWO COUPE";"ST";"87";"SMART"
"1367";"1187";"ROADSTER";"ST";"87";"SMART"
"1368";"1188";"ROADSTER-COUPE";"ST";"87";"SMART"
"1369";"574";"ACTYON";"SG";"88";"SSANGYONG"
"1370";"921";"FAMILY";"SG";"88";"SSANGYONG"
"1371";"923";"KORANDO";"SG";"88";"SSANGYONG"
"1372";"1519";"KORANDO II";"SG";"88";"SSANGYONG"
"1373";"1263";"KYRON";"SG";"88";"SSANGYONG"
"1374";"922";"MUSSO";"SG";"88";"SSANGYONG"
"1375";"1219";"REXTON";"SG";"88";"SSANGYONG"
"1376";"1529";"REXTON III";"SG";"88";"SSANGYONG"
"1377";"642";"RODIUS";"SG";"88";"SSANGYONG"
"1378";"1374";"TIVOLI";"SG";"88";"SSANGYONG"
"1379";"575";"B9 TRIBECA";"SR";"89";"SUBARU"
"1380";"1298";"BRZ";"SR";"89";"SUBARU"
"1381";"933";"E12";"SR";"89";"SUBARU"
"1382";"936";"FORESTER";"SR";"89";"SUBARU"
"1383";"1516";"FORESTER V";"SR";"89";"SUBARU"
"1384";"1227";"G3X JUSTY";"SR";"89";"SUBARU"
"1385";"931";"IMPREZA";"SR";"89";"SUBARU"
"1386";"1475";"IMPREZA V";"SR";"89";"SUBARU"
"1387";"935";"JUSTY";"SR";"89";"SUBARU"
"1388";"930";"LEGACY";"SR";"89";"SUBARU"
"1389";"1394";"LEVORG";"SR";"89";"SUBARU"
"1390";"1241";"OUTBACK";"SR";"89";"SUBARU"
"1391";"1565";"OUTBACK VI";"SR";"89";"SUBARU"
"1392";"932";"SVX";"SR";"89";"SUBARU"
"1393";"727";"TREZIA";"SR";"89";"SUBARU"
"1394";"934";"VIVIO";"SR";"89";"SUBARU"
"1395";"1283";"XV";"SR";"89";"SUBARU"
"1396";"1474";"XV II";"SR";"89";"SUBARU"
"1397";"940";"1000";"SU";"90";"SUNBEAM"
"1398";"941";"1250";"SU";"90";"SUNBEAM"
"1399";"942";"1300";"SU";"90";"SUNBEAM"
"1400";"943";"1500";"SU";"90";"SUNBEAM"
"1401";"944";"1600";"SU";"90";"SUNBEAM"
"1402";"945";"1725";"SU";"90";"SUNBEAM"
"1403";"937";"AVENGER";"SU";"90";"SUNBEAM"
"1404";"938";"LOTUS";"SU";"90";"SUNBEAM"
"1405";"939";"TI";"SU";"90";"SUNBEAM"
"1406";"1542";"ACROSS";"SZ";"91";"SUZUKI"
"1407";"951";"ALTO";"SZ";"91";"SUZUKI"
"1408";"950";"BALENO";"SZ";"91";"SUZUKI"
"1409";"1365";"CELERIO";"SZ";"91";"SUZUKI"
"1410";"954";"GRAND VITARA";"SZ";"91";"SUZUKI"
"1411";"1105";"IGNIS";"SZ";"91";"SUZUKI"
"1412";"955";"JIMNY";"SZ";"91";"SUZUKI"
"1413";"1458";"JIMNY II";"SZ";"91";"SUZUKI"
"1414";"720";"KIZASHI";"SZ";"91";"SUZUKI"
"1415";"1125";"LIANA";"SZ";"91";"SUZUKI"
"1416";"1325";"S-CROSS";"SZ";"91";"SUZUKI"
"1417";"1604";"S-CROSS II";"SZ";"91";"SUZUKI"
"1418";"949";"SAMURAI";"SZ";"91";"SUZUKI"
"1419";"646";"SPLASH";"SZ";"91";"SUZUKI"
"1420";"948";"SUPERCARRY";"SZ";"91";"SUZUKI"
"1421";"1543";"SWACE";"SZ";"91";"SUZUKI"
"1422";"946";"SWIFT";"SZ";"91";"SUZUKI"
"1423";"565";"SX4";"SZ";"91";"SUZUKI"
"1424";"947";"VITARA";"SZ";"91";"SUZUKI"
"1425";"953";"WAGON R+";"SZ";"91";"SUZUKI"
"1426";"952";"X90";"SZ";"91";"SUZUKI"
"1427";"962";"1000";"TA";"92";"TALBOT"
"1428";"963";"1005";"TA";"92";"TALBOT"
"1429";"964";"1006";"TA";"92";"TALBOT"
"1430";"965";"1100";"TA";"92";"TALBOT"
"1431";"966";"1300";"TA";"92";"TALBOT"
"1432";"967";"1301";"TA";"92";"TALBOT"
"1433";"968";"1307";"TA";"92";"TALBOT"
"1434";"969";"1308";"TA";"92";"TALBOT"
"1435";"970";"1309";"TA";"92";"TALBOT"
"1436";"971";"1500";"TA";"92";"TALBOT"
"1437";"972";"1501";"TA";"92";"TALBOT"
"1438";"973";"1510";"TA";"92";"TALBOT"
"1439";"974";"160";"TA";"92";"TALBOT"
"1440";"975";"1610";"TA";"92";"TALBOT"
"1441";"976";"2L";"TA";"92";"TALBOT"
"1442";"956";"ARONDE";"TA";"92";"TALBOT"
"1443";"957";"HORIZON";"TA";"92";"TALBOT"
"1444";"958";"SAMBA";"TA";"92";"TALBOT"
"1445";"959";"SIM QUATRE";"TA";"92";"TALBOT"
"1446";"960";"SOLARA";"TA";"92";"TALBOT"
"1447";"961";"TAGORA";"TA";"92";"TALBOT"
"1448";"1016";"TELCOLINE";"TT";"93";"TATA"
"1449";"1017";"TELCOSPORT";"TT";"93";"TATA"
"1450";"1477";"MODEL 3";"TL";"94";"TESLA"
"1451";"1347";"MODEL S";"TL";"94";"TESLA"
"1452";"1393";"MODEL X";"TL";"94";"TESLA"
"1453";"1569";"MODEL Y";"TL";"94";"TESLA"
"1454";"733";"CITY";"TK";"95";"THINK"
"1455";"587";"AURIS";"TO";"96";"TOYOTA"
"1456";"1002";"AVENSIS";"TO";"96";"TOYOTA"
"1457";"1239";"AYGO";"TO";"96";"TOYOTA"
"1458";"1598";"AYGO X";"TO";"96";"TOYOTA"
"1459";"1410";"C-HR";"TO";"96";"TOYOTA"
"1460";"977";"CAMRY";"TO";"96";"TOYOTA"
"1461";"1488";"CAMRY II";"TO";"96";"TOYOTA"
"1462";"978";"CARINA";"TO";"96";"TOYOTA"
"1463";"997";"CARINA E";"TO";"96";"TOYOTA"
"1464";"979";"CARINA II";"TO";"96";"TOYOTA"
"1465";"980";"CELICA";"TO";"96";"TOYOTA"
"1466";"981";"COROLLA";"TO";"96";"TOYOTA"
"1467";"1214";"COROLLA VERSO";"TO";"96";"TOYOTA"
"1468";"1472";"COROLLA X";"TO";"96";"TOYOTA"
"1469";"982";"CORONA";"TO";"96";"TOYOTA"
"1470";"983";"CRESSIDA";"TO";"96";"TOYOTA"
"1471";"984";"CROWN";"TO";"96";"TOYOTA"
"1472";"985";"DYNA";"TO";"96";"TOYOTA"
"1473";"998";"FUNCRUISER";"TO";"96";"TOYOTA"
"1474";"1611";"GR86";"TO";"96";"TOYOTA"
"1475";"1294";"GT86";"TO";"96";"TOYOTA"
"1476";"986";"HI-ACE";"TO";"96";"TOYOTA"
"1477";"987";"HI-LUX";"TO";"96";"TOYOTA"
"1478";"1549";"HIGHLANDER";"TO";"96";"TOYOTA"
"1479";"638";"IQ";"TO";"96";"TOYOTA"
"1480";"988";"LANDCRUISER";"TO";"96";"TOYOTA"
"1481";"989";"LEXUS";"TO";"96";"TOYOTA"
"1482";"990";"LITE ACE";"TO";"96";"TOYOTA"
"1483";"1417";"MIRAI";"TO";"96";"TOYOTA"
"1484";"1550";"MIRAI II";"TO";"96";"TOYOTA"
"1485";"991";"MODELE F";"TO";"96";"TOYOTA"
"1486";"1091";"MR";"TO";"96";"TOYOTA"
"1487";"1000";"PASEO";"TO";"96";"TOYOTA"
"1488";"1001";"PICNIC";"TO";"96";"TOYOTA"
"1489";"992";"PREVIA";"TO";"96";"TOYOTA"
"1490";"1111";"PRIUS";"TO";"96";"TOYOTA"
"1491";"1331";"PROACE";"TO";"96";"TOYOTA"
"1492";"1523";"PROACE CITY";"TO";"96";"TOYOTA"
"1493";"999";"RAV4";"TO";"96";"TOYOTA"
"1494";"1269";"RAV4 III";"TO";"96";"TOYOTA"
"1495";"1313";"RAV4 IV";"TO";"96";"TOYOTA"
"1496";"1464";"RAV4 V";"TO";"96";"TOYOTA"
"1497";"993";"RUNNER";"TO";"96";"TOYOTA"
"1498";"994";"STARLET";"TO";"96";"TOYOTA"
"1499";"995";"SUPRA";"TO";"96";"TOYOTA"
"1500";"1508";"SUPRA V";"TO";"96";"TOYOTA"
"1501";"996";"TERCEL";"TO";"96";"TOYOTA"
"1502";"662";"URBAN CRUISER";"TO";"96";"TOYOTA"
"1503";"670";"VERSO";"TO";"96";"TOYOTA"
"1504";"723";"VERSO-S";"TO";"96";"TOYOTA"
"1505";"1003";"YARIS";"TO";"96";"TOYOTA"
"1506";"1574";"YARIS CROSS";"TO";"96";"TOYOTA"
"1507";"1264";"YARIS II";"TO";"96";"TOYOTA"
"1508";"738";"YARIS III";"TO";"96";"TOYOTA"
"1509";"1524";"YARIS IV";"TO";"96";"TOYOTA"
"1510";"1012";"1300";"TR";"97";"TRIUMPH"
"1511";"1013";"2000";"TR";"97";"TRIUMPH"
"1512";"1014";"2500";"TR";"97";"TRIUMPH"
"1513";"1004";"ACCLAIM";"TR";"97";"TRIUMPH"
"1514";"1005";"DOLOMITE";"TR";"97";"TRIUMPH"
"1515";"1006";"HERALD";"TR";"97";"TRIUMPH"
"1516";"1015";"SPITFIRE";"TR";"97";"TRIUMPH"
"1517";"1007";"STAG";"TR";"97";"TRIUMPH"
"1518";"1008";"TOLEDO";"TR";"97";"TRIUMPH"
"1519";"1009";"TR";"TR";"97";"TRIUMPH"
"1520";"1010";"TR4";"TR";"97";"TRIUMPH"
"1521";"1011";"TR6";"TR";"97";"TRIUMPH"
"1522";"1018";"ALTER";"UM";"98";"UMM"
"1523";"1074";"1,6L";"VW";"99";"VOLKSWAGEN"
"1524";"1067";"1600";"VW";"99";"VOLKSWAGEN"
"1525";"1068";"181";"VW";"99";"VOLKSWAGEN"
"1526";"1069";"183";"VW";"99";"VOLKSWAGEN"
"1527";"1070";"411";"VW";"99";"VOLKSWAGEN"
"1528";"1071";"412";"VW";"99";"VOLKSWAGEN"
"1529";"714";"AMAROK";"VW";"99";"VOLKSWAGEN"
"1530";"1414";"ARTEON";"VW";"99";"VOLKSWAGEN"
"1531";"1080";"BORA";"VW";"99";"VOLKSWAGEN"
"1532";"1051";"CADDY";"VW";"99";"VOLKSWAGEN"
"1533";"1556";"CADDY V";"VW";"99";"VOLKSWAGEN"
"1534";"1052";"COCCINELLE";"VW";"99";"VOLKSWAGEN"
"1535";"1053";"CORRADO";"VW";"99";"VOLKSWAGEN"
"1536";"571";"CRAFTER";"VW";"99";"VOLKSWAGEN"
"1537";"564";"EOS";"VW";"99";"VOLKSWAGEN"
"1538";"1244";"FOX";"VW";"99";"VOLKSWAGEN"
"1539";"1054";"GOLF";"VW";"99";"VOLKSWAGEN"
"1540";"1072";"GOLF III";"VW";"99";"VOLKSWAGEN"
"1541";"1078";"GOLF IV";"VW";"99";"VOLKSWAGEN"
"1542";"1232";"GOLF PLUS";"VW";"99";"VOLKSWAGEN"
"1543";"1343";"GOLF SPORTSVAN";"VW";"99";"VOLKSWAGEN"
"1544";"1192";"GOLF V";"VW";"99";"VOLKSWAGEN"
"1545";"633";"GOLF VI";"VW";"99";"VOLKSWAGEN"
"1546";"1303";"GOLF VII";"VW";"99";"VOLKSWAGEN"
"1547";"1514";"GOLF VIII";"VW";"99";"VOLKSWAGEN"
"1548";"1528";"ID.3";"VW";"99";"VOLKSWAGEN"
"1549";"1534";"ID.4";"VW";"99";"VOLKSWAGEN"
"1550";"1589";"ID.5";"VW";"99";"VOLKSWAGEN"
"1551";"1615";"ID.BUZZ";"VW";"99";"VOLKSWAGEN"
"1552";"1055";"JETTA";"VW";"99";"VOLKSWAGEN"
"1553";"1251";"JETTA II";"VW";"99";"VOLKSWAGEN"
"1554";"717";"JETTA III";"VW";"99";"VOLKSWAGEN"
"1555";"1056";"K70";"VW";"99";"VOLKSWAGEN"
"1556";"1057";"LT28";"VW";"99";"VOLKSWAGEN"
"1557";"1058";"LT31";"VW";"99";"VOLKSWAGEN"
"1558";"1076";"LT32";"VW";"99";"VOLKSWAGEN"
"1559";"1059";"LT35";"VW";"99";"VOLKSWAGEN"
"1560";"1060";"LT40A";"VW";"99";"VOLKSWAGEN"
"1561";"1077";"LT46A";"VW";"99";"VOLKSWAGEN"
"1562";"1079";"LUPO";"VW";"99";"VOLKSWAGEN"
"1563";"1587";"MULTIVAN T7";"VW";"99";"VOLKSWAGEN"
"1564";"1081";"NEW BEETLE";"VW";"99";"VOLKSWAGEN"
"1565";"1061";"PASSAT";"VW";"99";"VOLKSWAGEN"
"1566";"628";"PASSAT CC";"VW";"99";"VOLKSWAGEN"
"1567";"1250";"PASSAT SW";"VW";"99";"VOLKSWAGEN"
"1568";"1359";"PASSAT*";"VW";"99";"VOLKSWAGEN"
"1569";"1166";"PHAETON";"VW";"99";"VOLKSWAGEN"
"1570";"1062";"POLO";"VW";"99";"VOLKSWAGEN"
"1571";"672";"POLO V";"VW";"99";"VOLKSWAGEN"
"1572";"1426";"POLO VI";"VW";"99";"VOLKSWAGEN"
"1573";"1063";"SANTANA";"VW";"99";"VOLKSWAGEN"
"1574";"1064";"SCIROCCO";"VW";"99";"VOLKSWAGEN"
"1575";"1075";"SHARAN";"VW";"99";"VOLKSWAGEN"
"1576";"1478";"T-CROSS";"VW";"99";"VOLKSWAGEN"
"1577";"1423";"T-ROC";"VW";"99";"VOLKSWAGEN"
"1578";"1579";"TAIGO";"VW";"99";"VOLKSWAGEN"
"1579";"1065";"TARO";"VW";"99";"VOLKSWAGEN"
"1580";"604";"TIGUAN";"VW";"99";"VOLKSWAGEN"
"1581";"1167";"TOUAREG";"VW";"99";"VOLKSWAGEN"
"1582";"1450";"TOUAREG III";"VW";"99";"VOLKSWAGEN"
"1583";"1172";"TOURAN";"VW";"99";"VOLKSWAGEN"
"1584";"1066";"TRANSPORTER";"VW";"99";"VOLKSWAGEN"
"1585";"740";"UP";"VW";"99";"VOLKSWAGEN"
"1586";"1073";"VENTO";"VW";"99";"VOLKSWAGEN"
"1587";"1042";"122";"VO";"100";"VOLVO"
"1588";"1019";"142";"VO";"100";"VOLVO"
"1589";"1020";"144";"VO";"100";"VOLVO"
"1590";"1021";"164";"VO";"100";"VOLVO"
"1591";"1022";"1800";"VO";"100";"VOLVO"
"1592";"1023";"240";"VO";"100";"VOLVO"
"1593";"1024";"242";"VO";"100";"VOLVO"
"1594";"1025";"244";"VO";"100";"VOLVO"
"1595";"1026";"245";"VO";"100";"VOLVO"
"1596";"1027";"262";"VO";"100";"VOLVO"
"1597";"1028";"264";"VO";"100";"VOLVO"
"1598";"1029";"265";"VO";"100";"VOLVO"
"1599";"1030";"340";"VO";"100";"VOLVO"
"1600";"1031";"360";"VO";"100";"VOLVO"
"1601";"1032";"440";"VO";"100";"VOLVO"
"1602";"1033";"460";"VO";"100";"VOLVO"
"1603";"1034";"480";"VO";"100";"VOLVO"
"1604";"1041";"66";"VO";"100";"VOLVO"
"1605";"1035";"740";"VO";"100";"VOLVO"
"1606";"1036";"760";"VO";"100";"VOLVO"
"1607";"1037";"780";"VO";"100";"VOLVO"
"1608";"1040";"850";"VO";"100";"VOLVO"
"1609";"1038";"940";"VO";"100";"VOLVO"
"1610";"1039";"960";"VO";"100";"VOLVO"
"1611";"579";"C30";"VO";"100";"VOLVO"
"1612";"1593";"C40";"VO";"100";"VOLVO"
"1613";"1049";"C70";"VO";"100";"VOLVO"
"1614";"1117";"CROSS COUNTRY";"VO";"100";"VOLVO"
"1615";"1043";"S40";"VO";"100";"VOLVO"
"1616";"1109";"S60";"VO";"100";"VOLVO"
"1617";"1485";"S60 III";"VO";"100";"VOLVO"
"1618";"1047";"S70";"VO";"100";"VOLVO"
"1619";"1050";"S80";"VO";"100";"VOLVO"
"1620";"1045";"S90";"VO";"100";"VOLVO"
"1621";"1044";"V40";"VO";"100";"VOLVO"
"1622";"1201";"V50";"VO";"100";"VOLVO"
"1623";"707";"V60";"VO";"100";"VOLVO"
"1624";"1454";"V60 II";"VO";"100";"VOLVO"
"1625";"1048";"V70";"VO";"100";"VOLVO"
"1626";"1046";"V90";"VO";"100";"VOLVO"
"1627";"1433";"XC40";"VO";"100";"VOLVO"
"1628";"630";"XC60";"VO";"100";"VOLVO"
"1629";"1160";"XC70";"VO";"100";"VOLVO"
"1630";"1165";"XC90";"VO";"100";"VOLVO"
"1631";"1083";"1100";"ZA";"101";"ZASTAVA"
"1632";"1084";"1300";"ZA";"101";"ZASTAVA"
"1633";"1082";"YUGO";"ZA";"101";"ZASTAVA"
"1634";"1085";"TAVRIA";"ZZ";"102";"ZAZ"
